planner,num_agents,num_robots,f,d,active_time,completion_time,planner_time,damage,num_disabled
StaticLinePlanner,300,17,2.0,3,77.86275238022185,146.0768295101994,0.0436403751373291,41971.00950388231,216
StaticLinePlanner,300,17,2.0,3,84.60945810248265,159.48266742656938,0.06291604042053223,42110.560126116456,234
StaticLinePlanner,300,17,2.0,3,75.26917952479941,143.07535146636093,0.052374839782714844,42683.71886555758,205
StaticLinePlanner,300,17,2.0,3,73.17512246995858,135.322046955602,0.07028508186340332,42531.37113963127,199
StaticLinePlanner,300,17,2.0,3,81.19944589882897,153.05264625237336,0.06180620193481445,44161.90780938144,208
StaticLinePlanner,300,17,2.0,3,79.8599765796582,149.5456412541016,0.062451839447021484,42727.67317719796,216
StaticLinePlanner,300,17,2.0,3,76.21201387119783,142.41820156525944,0.09201335906982422,43225.27848863254,203
StaticLinePlanner,300,17,2.0,3,75.0225471265515,145.02481829317415,0.08599972724914551,41968.95634676739,213
StaticLinePlanner,300,17,2.0,3,79.29606471744675,153.33104515995845,0.055289506912231445,40513.72459039544,233
StaticLinePlanner,300,17,2.0,3,73.75388929868328,136.60479215037316,0.06667757034301758,43694.84319208861,192
StaticLinePlanner,300,17,2.0,3,81.43616091318721,153.59981872111018,0.053917884826660156,42454.88525690647,220
StaticLinePlanner,300,17,2.0,3,77.09838936493156,149.15709043426472,0.06470537185668945,42085.89306981627,218
StaticLinePlanner,300,17,2.0,3,76.65722121016329,146.53306051022375,0.05077242851257324,40742.72498757425,223
StaticLinePlanner,300,17,2.0,3,88.97798941062912,170.51763404064556,0.06209087371826172,42359.94158445192,251
StaticLinePlanner,300,17,2.0,3,75.83104426542018,144.99769591675414,0.06652688980102539,43006.39615567159,205
StaticLinePlanner,300,17,2.0,3,79.31015279007286,151.43454116254838,0.05752754211425781,42947.25262127032,213
StaticLinePlanner,300,17,2.0,3,79.96146513838029,156.32121602249293,0.06121230125427246,41576.706555035315,236
StaticLinePlanner,300,17,2.0,3,71.00002535133697,134.0305090797688,0.07870078086853027,42347.86560758814,198
StaticLinePlanner,300,17,2.0,3,84.78208792916882,164.39887324932724,0.06672406196594238,41853.89069093573,241
StaticLinePlanner,300,17,2.0,3,66.3123708894338,125.5844941562952,0.059599876403808594,41117.94168758898,196
StaticLinePlanner,300,17,2.0,3,83.19326986740006,157.96439279755984,0.05025482177734375,42707.443523910566,229
StaticLinePlanner,300,17,2.0,3,86.81507000913197,169.16810569864992,0.05007672309875488,41139.57022114347,260
StaticLinePlanner,300,17,2.0,3,87.10564787965265,170.11398263933563,0.05659794807434082,42103.8976950584,257
StaticLinePlanner,300,17,2.0,3,71.28072593492853,138.6133132193399,0.05662965774536133,41443.55363247185,209
StaticLinePlanner,300,17,2.0,3,81.7384374167661,157.99250578058445,0.06373977661132812,42347.40592746762,226
StaticLinePlanner,300,17,2.0,3,71.83445771832609,131.83496675585516,0.057530879974365234,42216.51809289679,195
StaticLinePlanner,300,17,2.0,3,69.5862530218868,128.98799838527526,0.06519722938537598,42566.647331420274,196
StaticLinePlanner,300,17,2.0,3,82.56946585888628,162.23368324858248,0.0667576789855957,40645.425161252664,247
StaticLinePlanner,300,17,2.0,3,71.7633889422713,140.24672553578435,0.05589914321899414,41145.825570572895,212
StaticLinePlanner,300,17,2.0,3,89.09927304507951,167.6313420299147,0.04807305335998535,42686.587439772724,246
StaticLinePlanner,300,10,2.0,5,78.33141784096281,146.54549497094035,0.048020124435424805,42072.24124340236,216
StaticLinePlanner,300,10,2.0,5,85.88338114579355,160.75659046988028,0.0635385513305664,42408.65811825127,234
StaticLinePlanner,300,10,2.0,5,74.18296203882993,141.98913398039144,0.06659960746765137,42461.04428093387,205
StaticLinePlanner,300,10,2.0,5,75.46815194922031,137.61507643486374,0.050187110900878906,42987.684006004376,199
StaticLinePlanner,300,10,2.0,5,81.33227868250759,153.185479036052,0.05708432197570801,44189.537028386585,208
StaticLinePlanner,300,10,2.0,5,76.59723611891974,146.28290079336315,0.06652688980102539,42022.92123767841,216
StaticLinePlanner,300,10,2.0,5,77.9087523115992,149.91977162947182,0.06392383575439453,42348.73022929305,219
StaticLinePlanner,300,10,2.0,5,78.59521165435709,148.59748282097974,0.06555461883544922,42729.93389119001,213
StaticLinePlanner,300,10,2.0,5,77.4503173407212,151.48529778323288,0.06704306602478027,40083.66545161844,233
StaticLinePlanner,300,10,2.0,5,82.6472628968232,160.45087844388732,0.06658720970153809,42308.165542782925,235
StaticLinePlanner,300,10,2.0,5,80.98771300910882,153.1513708170318,0.0579066276550293,42356.22671800922,220
StaticLinePlanner,300,10,2.0,5,82.90242538775418,154.96112645708732,0.06379246711730957,43351.17292279159,218
StaticLinePlanner,300,10,2.0,5,80.52652496444772,150.40236426450818,0.06359410285949707,41605.57972477969,223
StaticLinePlanner,300,10,2.0,5,95.08484763995274,176.62449226996918,0.06373929977416992,43892.76300001212,251
StaticLinePlanner,300,10,2.0,5,77.60419986737413,146.7708515187081,0.0664682388305664,43369.89305407221,205
StaticLinePlanner,300,10,2.0,5,81.17056806768059,153.2949564401561,0.051210880279541016,43343.521075400815,213
StaticLinePlanner,300,10,2.0,5,81.86721767731122,158.22696856142383,0.048075199127197266,42026.46415422301,236
StaticLinePlanner,300,10,2.0,5,65.99413445625925,129.02461818469106,0.0641019344329834,41356.699210362756,198
StaticLinePlanner,300,10,2.0,5,83.92645529097452,160.93165790479503,0.06460309028625488,42269.64458613613,232
StaticLinePlanner,300,10,2.0,5,71.47060600961498,130.74272927647638,0.06661319732666016,42128.95577114451,196
StaticLinePlanner,300,10,2.0,5,77.80412583930692,152.5752487694667,0.060637712478637695,41473.329541477244,229
StaticLinePlanner,300,10,2.0,5,87.7292903628513,169.6443735614997,0.07407665252685547,41523.36203135913,258
StaticLinePlanner,300,10,2.0,5,87.27762596970446,170.28596072938745,0.054949045181274414,42148.09606420169,257
StaticLinePlanner,300,10,2.0,5,74.06024275608911,142.1688777272467,0.052080631256103516,41871.01253084895,211
StaticLinePlanner,300,10,2.0,5,85.26444884107633,161.88097783276544,0.0485379695892334,43088.421798955314,227
StaticLinePlanner,300,10,2.0,5,73.68647578462284,133.6869848221519,0.07399559020996094,42577.66161582466,195
StaticLinePlanner,300,10,2.0,5,72.77866172580512,132.18040708919358,0.06801366806030273,43192.35943738827,196
StaticLinePlanner,300,10,2.0,5,85.15698201443156,164.82119940412775,0.06657743453979492,41284.541651672334,247
StaticLinePlanner,300,10,2.0,5,75.76852519480971,143.38068462780947,0.0666208267211914,42276.35573306936,209
StaticLinePlanner,300,10,2.0,5,89.55819634139483,168.2094202422647,0.0733647346496582,42697.743790125496,247
StaticLinePlanner,300,5,2.0,10,76.97958181622734,145.1936589462049,0.07556748390197754,41780.24466205949,216
StaticLinePlanner,300,5,2.0,10,76.86373552005846,151.73694484414517,0.05646514892578125,40298.061041829256,234
StaticLinePlanner,300,5,2.0,10,77.58040355984282,152.85440500772353,0.048088788986206055,41604.745651671765,226
StaticLinePlanner,300,5,2.0,10,87.7547812074391,163.3062490384169,0.04881095886230469,43049.25057252048,236
StaticLinePlanner,300,5,2.0,10,76.46802858325879,148.32122893680318,0.07294154167175293,43177.773007742886,208
StaticLinePlanner,300,5,2.0,10,79.77457508830844,149.46023976275185,0.08607864379882812,42709.22645506641,216
StaticLinePlanner,300,5,2.0,10,74.88021450359656,146.89123382146917,0.08857941627502441,41685.4804493404,219
StaticLinePlanner,300,5,2.0,10,79.43234616842017,149.43461733504282,0.057379961013793945,42908.24354268547,213
StaticLinePlanner,300,5,2.0,10,85.54634019919511,159.58132064170678,0.0656731128692627,41970.038777642876,233
StaticLinePlanner,300,5,2.0,10,82.06660610732243,159.87022165438654,0.07423949241638184,42171.71119725025,235
StaticLinePlanner,300,5,2.0,10,76.91306603530751,149.0767238432305,0.06644797325134277,41459.80438377287,220
StaticLinePlanner,300,5,2.0,10,75.19725188183921,140.85565734152772,0.06999611854553223,43120.42585441423,200
StaticLinePlanner,300,5,2.0,10,76.27709208566219,146.15293138572264,0.06343698501586914,40657.95619281049,223
StaticLinePlanner,300,5,2.0,10,96.07192026286717,177.6115648928836,0.06700611114501953,44140.518228363624,251
StaticLinePlanner,300,5,2.0,10,80.13694625415364,149.3035979054876,0.04999685287475586,43889.10606336201,205
StaticLinePlanner,300,5,2.0,10,74.84093150396832,146.96531987644386,0.05006694793701172,41995.30848733007,213
StaticLinePlanner,300,5,2.0,10,82.78298596251173,159.14273684662436,0.05858278274536133,42242.58546953031,236
StaticLinePlanner,300,5,2.0,10,67.90598836904122,130.93647209747306,0.05634808540344238,41735.246285093606,198
StaticLinePlanner,300,5,2.0,10,89.53054816424331,169.14733348440174,0.0501401424407959,42998.26960758869,241
StaticLinePlanner,300,5,2.0,10,70.2176975479349,129.4898208147963,0.05008292198181152,41883.385712655196,196
StaticLinePlanner,300,5,2.0,10,83.15305373612651,157.9241766662863,0.07044506072998047,42698.234029848885,229
StaticLinePlanner,300,5,2.0,10,84.89716045344696,167.2501961429649,0.06426191329956055,40640.913736665374,260
StaticLinePlanner,300,5,2.0,10,93.38251111692983,176.39084587661281,0.07098841667175293,43717.051547038565,257
StaticLinePlanner,300,5,2.0,10,75.26930007961563,143.37793505077326,0.06531095504760742,42126.123626113025,211
StaticLinePlanner,300,5,2.0,10,82.8091748735421,159.06324323736044,0.04987335205078125,42589.39259269893,226
StaticLinePlanner,300,5,2.0,10,71.20893482950193,131.209443867031,0.14384174346923828,42094.541129576086,195
StaticLinePlanner,300,5,2.0,10,71.59968694210148,131.00143230548994,0.08463835716247559,42961.28037978236,196
StaticLinePlanner,300,5,2.0,10,81.84084222101303,161.8363763415594,0.06833171844482422,40409.49328132861,248
StaticLinePlanner,300,5,2.0,10,75.44000463502093,143.92334122853396,0.048932552337646484,41925.268097435874,212
StaticLinePlanner,300,5,2.0,10,83.57551351547583,162.2267374163457,0.06345772743225098,41220.02113212345,247
StaticLinePlanner,300,4,2.0,15,76.42175002272853,144.63582715270607,0.05009198188781738,41659.75299466376,216
StaticLinePlanner,300,4,2.0,15,77.14821200445196,152.02142132853868,0.05860495567321777,40364.62853917735,234
StaticLinePlanner,300,4,2.0,15,77.87809201757631,153.15209346545703,0.05682110786437988,41672.02324311953,226
StaticLinePlanner,300,4,2.0,15,76.5703907289658,138.71731521460921,0.13531851768493652,43207.02952317375,199
StaticLinePlanner,300,4,2.0,15,80.35682349360495,152.21002384714936,0.05037212371826172,43986.64234909487,208
StaticLinePlanner,300,4,2.0,15,80.51520630278173,150.20087097722515,0.06374955177307129,42869.2027973926,216
StaticLinePlanner,300,4,2.0,15,74.51382514788666,146.5248444657593,0.06011056900024414,41605.241180439945,219
StaticLinePlanner,300,4,2.0,15,73.02157158331394,143.0238427499366,0.05861258506774902,41542.748556057806,213
StaticLinePlanner,300,4,2.0,15,83.06924992207274,157.10423036458442,0.0681157112121582,41392.87674307335,233
StaticLinePlanner,300,4,2.0,15,82.33917293746211,160.14278848452622,0.050879478454589844,42235.76440233306,235
StaticLinePlanner,300,4,2.0,15,77.24205992116624,149.40571772908922,0.047937631607055664,41532.18303866184,220
StaticLinePlanner,300,4,2.0,15,78.62005247137486,150.67875354070802,0.061611175537109375,42417.6156270209,218
StaticLinePlanner,300,4,2.0,15,76.53768755407056,146.41352685413102,0.0696101188659668,40716.068982265606,223
StaticLinePlanner,300,4,2.0,15,94.63429688438791,176.17394151440433,0.06352949142456055,43779.67476036536,251
StaticLinePlanner,300,4,2.0,15,83.49310536226265,152.65975701359662,0.065643310546875,44577.11868052435,205
StaticLinePlanner,300,4,2.0,15,80.97121637630529,152.85052512446393,0.07037925720214844,43395.24502167925,212
StaticLinePlanner,300,4,2.0,15,81.46011817019378,157.81986905430642,0.05524182319641113,41930.38867054328,236
StaticLinePlanner,300,4,2.0,15,75.5109157388294,138.54139946726121,0.06656622886657715,43241.021904311645,198
StaticLinePlanner,300,4,2.0,15,90.11008604556585,169.72687136572426,0.06007575988769531,43137.93823698742,241
StaticLinePlanner,300,4,2.0,15,67.71481982639209,126.9869430932535,0.06653571128845215,41392.82167923282,196
StaticLinePlanner,300,4,2.0,15,87.14722882627042,161.9183517564302,0.05990862846374512,43612.90012549187,229
StaticLinePlanner,300,4,2.0,15,86.04657625237004,168.399611941888,0.06665706634521484,40939.761844385386,260
StaticLinePlanner,300,4,2.0,15,96.95847887522402,179.966813634907,0.06658267974853516,44636.07526092022,257
StaticLinePlanner,300,4,2.0,15,80.55609111506516,147.88867839947653,0.058537960052490234,43382.104955120434,209
StaticLinePlanner,300,4,2.0,15,78.27253107698562,154.52659944080395,0.055539846420288086,41564.111094677195,226
StaticLinePlanner,300,4,2.0,15,74.90810987350969,134.90861891103876,0.04788351058959961,42815.88026315757,195
StaticLinePlanner,300,4,2.0,15,71.0631759918051,130.46492135519355,0.06470370292663574,42856.12423352427,196
StaticLinePlanner,300,4,2.0,15,81.75337172202099,161.41758911171718,0.06660223007202148,40443.84990944692,247
StaticLinePlanner,300,4,2.0,15,77.3419921872522,145.82532878076523,0.06655597686767578,42328.48945850894,212
StaticLinePlanner,300,4,2.0,15,83.36646242032421,162.0176863211941,0.056976318359375,41168.385511621054,247
IterativeAssignmentPlanner,300,17,2.0,3,127.60653581050745,127.60653581050745,1.396622896194458,16127.716747339347,300
IterativeAssignmentPlanner,300,17,2.0,3,129.16469383468052,129.16469383468052,1.3610894680023193,16943.153690125655,300
IterativeAssignmentPlanner,300,17,2.0,3,132.73471993151972,132.73471993151972,1.3361575603485107,16827.062968196304,300
IterativeAssignmentPlanner,300,17,2.0,3,128.26777057339945,128.26777057339945,1.3482208251953125,16985.131567483862,300
IterativeAssignmentPlanner,300,17,2.0,3,126.86050172603947,126.86050172603947,1.425929069519043,16970.80375979502,300
IterativeAssignmentPlanner,300,17,2.0,3,123.49215984148387,123.49215984148387,1.5542571544647217,16237.295658975987,300
IterativeAssignmentPlanner,300,17,2.0,3,123.97728764370987,123.97728764370987,1.3684937953948975,15957.79970888993,300
IterativeAssignmentPlanner,300,17,2.0,3,129.02907116490854,129.02907116490854,1.4332900047302246,16669.620594684846,300
IterativeAssignmentPlanner,300,17,2.0,3,129.52565252324953,129.52565252324953,2.066998243331909,17303.806011022847,300
IterativeAssignmentPlanner,300,17,2.0,3,140.22450967142623,140.22450967142623,1.4958815574645996,17395.020444750964,300
IterativeAssignmentPlanner,300,17,2.0,3,129.09652675757542,129.09652675757542,1.4314184188842773,16625.168024438084,300
IterativeAssignmentPlanner,300,17,2.0,3,129.287121826999,129.287121826999,1.4442853927612305,16581.08711795232,300
IterativeAssignmentPlanner,300,17,2.0,3,120.99395313018091,120.99395313018091,1.4244194030761719,16902.838495706812,300
IterativeAssignmentPlanner,300,17,2.0,3,135.56917158837385,135.56917158837385,1.3667030334472656,17702.56435195736,300
IterativeAssignmentPlanner,300,17,2.0,3,132.3415055872496,132.3415055872496,1.4831311702728271,17345.508673315744,300
IterativeAssignmentPlanner,300,17,2.0,3,130.29006037195666,130.29006037195666,1.3900268077850342,17616.855309695144,300
IterativeAssignmentPlanner,300,17,2.0,3,131.4497666390341,131.4497666390341,1.4018642902374268,16108.005246965562,300
IterativeAssignmentPlanner,300,17,2.0,3,125.63598211537867,125.63598211537867,1.4361376762390137,15899.808915646823,300
IterativeAssignmentPlanner,300,17,2.0,3,132.78446916205564,132.78446916205564,1.434659481048584,17288.103413999906,300
IterativeAssignmentPlanner,300,17,2.0,3,135.3733318170961,135.3733318170961,1.3617777824401855,16873.81157935563,300
IterativeAssignmentPlanner,300,17,2.0,3,135.27631140637982,135.27631140637982,1.7416791915893555,16936.57002581622,300
IterativeAssignmentPlanner,300,17,2.0,3,139.67712107083202,139.67712107083202,1.540644884109497,17123.202083695105,300
IterativeAssignmentPlanner,300,17,2.0,3,139.75703604430598,139.75703604430598,1.322998046875,17333.03785763905,300
IterativeAssignmentPlanner,300,17,2.0,3,154.00950099774005,154.00950099774005,1.3372690677642822,17175.16722799959,300
IterativeAssignmentPlanner,300,17,2.0,3,130.7978829525786,130.7978829525786,1.5294830799102783,17568.6696624979,300
IterativeAssignmentPlanner,300,17,2.0,3,137.54711832206706,137.54711832206706,1.4137811660766602,17727.438791821238,300
IterativeAssignmentPlanner,300,17,2.0,3,120.41517199385723,120.41517199385723,3.307919979095459,15492.71924175042,300
IterativeAssignmentPlanner,300,17,2.0,3,141.8656694518796,141.8656694518796,1.4617366790771484,16798.15166191418,300
IterativeAssignmentPlanner,300,17,2.0,3,136.72681777527626,136.72681777527626,1.4757437705993652,16531.497994222136,300
IterativeAssignmentPlanner,300,17,2.0,3,121.14757212133,121.14757212133,1.4176673889160156,16397.604101276716,300
IterativeAssignmentPlanner,300,10,2.0,5,191.48217868171164,191.48217868171164,1.3777165412902832,22105.78447838282,300
IterativeAssignmentPlanner,300,10,2.0,5,190.111262349074,190.111262349074,1.4965319633483887,22272.860969969643,300
IterativeAssignmentPlanner,300,10,2.0,5,179.11917122323533,179.11917122323533,1.3882036209106445,21252.113673636904,300
IterativeAssignmentPlanner,300,10,2.0,5,270.74875973750244,270.74875973750244,1.3700342178344727,24878.246529996628,300
IterativeAssignmentPlanner,300,10,2.0,5,182.98772500041818,182.98772500041818,1.3947670459747314,20764.90862571688,300
IterativeAssignmentPlanner,300,10,2.0,5,262.1386489371189,262.1386489371189,1.3754711151123047,27060.388422314227,300
IterativeAssignmentPlanner,300,10,2.0,5,188.8903820560482,188.8903820560482,1.4061379432678223,20992.075166446608,300
IterativeAssignmentPlanner,300,10,2.0,5,213.55851629538097,213.55851629538097,1.4533536434173584,22197.0428479021,300
IterativeAssignmentPlanner,300,10,2.0,5,177.81043047120917,177.81043047120917,1.419529914855957,23020.911274917667,300
IterativeAssignmentPlanner,300,10,2.0,5,216.42960803402036,216.42960803402036,1.4344077110290527,23554.104613706644,300
IterativeAssignmentPlanner,300,10,2.0,5,243.14549603724686,243.14549603724686,1.4421937465667725,23971.679535645453,300
IterativeAssignmentPlanner,300,10,2.0,5,167.39480989402037,167.39480989402037,1.4469537734985352,20679.66267691571,300
IterativeAssignmentPlanner,300,10,2.0,5,200.66397544433894,200.66397544433894,1.4199202060699463,22252.223887865588,300
IterativeAssignmentPlanner,300,10,2.0,5,234.59826654082462,234.59826654082462,1.3843727111816406,25240.0883906897,300
IterativeAssignmentPlanner,300,10,2.0,5,215.86816062177002,215.86816062177002,1.3950092792510986,23342.746130928095,300
IterativeAssignmentPlanner,300,10,2.0,5,192.54956020854092,192.54956020854092,1.3618106842041016,22327.09434075431,300
IterativeAssignmentPlanner,300,10,2.0,5,215.1659760458282,215.1659760458282,1.3821115493774414,21650.40429132709,300
IterativeAssignmentPlanner,300,10,2.0,5,181.24437244722245,181.24437244722245,1.3945674896240234,20914.995628886514,300
IterativeAssignmentPlanner,300,10,2.0,5,207.62416728377326,207.62416728377326,1.4223601818084717,22824.38065940746,300
IterativeAssignmentPlanner,300,10,2.0,5,194.73005845608046,194.73005845608046,1.3861980438232422,24062.502982885624,300
IterativeAssignmentPlanner,300,10,2.0,5,186.9732058072996,186.9732058072996,1.4298179149627686,21056.06172815977,300
IterativeAssignmentPlanner,300,10,2.0,5,203.97725116467154,203.97725116467154,1.411897897720337,24516.13313062783,300
IterativeAssignmentPlanner,300,10,2.0,5,176.59036844014713,176.59036844014713,1.365140438079834,21539.247649342273,300
IterativeAssignmentPlanner,300,10,2.0,5,221.6489631588947,221.6489631588947,1.436253309249878,22936.1775173518,300
IterativeAssignmentPlanner,300,10,2.0,5,197.15242167941707,197.15242167941707,1.4436314105987549,23822.280745430293,300
IterativeAssignmentPlanner,300,10,2.0,5,171.20182801867645,171.20182801867645,1.3600373268127441,21990.560197506566,300
IterativeAssignmentPlanner,300,10,2.0,5,178.23268905750817,178.23268905750817,1.695436954498291,20688.107296187776,300
IterativeAssignmentPlanner,300,10,2.0,5,205.2545659573401,205.2545659573401,1.4063692092895508,23416.692028669633,300
IterativeAssignmentPlanner,300,10,2.0,5,199.00533504997648,199.00533504997648,1.4023306369781494,21914.326627464096,300
IterativeAssignmentPlanner,300,10,2.0,5,247.40563638569407,247.40563638569407,1.410430669784546,22021.938704712375,300
IterativeAssignmentPlanner,300,5,2.0,10,397.57667105762044,397.57667105762044,1.3894779682159424,45611.00470300656,300
IterativeAssignmentPlanner,300,5,2.0,10,337.56157578779704,337.56157578779704,1.3572800159454346,42116.2536463027,300
IterativeAssignmentPlanner,300,5,2.0,10,370.38181512989087,370.38181512989087,1.3353149890899658,43586.698933159,300
IterativeAssignmentPlanner,300,5,2.0,10,391.3033539694467,391.3033539694467,1.4202609062194824,44821.51754328068,300
IterativeAssignmentPlanner,300,5,2.0,10,442.25681852752115,442.25681852752115,1.383415699005127,45345.76811282664,300
IterativeAssignmentPlanner,300,5,2.0,10,354.4114867090562,354.4114867090562,1.404132604598999,43400.594483149616,300
IterativeAssignmentPlanner,300,5,2.0,10,446.3654923367624,446.3654923367624,1.4098351001739502,47918.96816304285,300
IterativeAssignmentPlanner,300,5,2.0,10,317.21313452486754,317.21313452486754,1.370030403137207,40430.37115240951,300
IterativeAssignmentPlanner,300,5,2.0,10,434.3942838383656,434.3942838383656,1.4331321716308594,48143.42936205002,300
IterativeAssignmentPlanner,300,5,2.0,10,397.14105089927,397.14105089927,1.40397310256958,43663.763670946944,300
IterativeAssignmentPlanner,300,5,2.0,10,330.45960996985514,330.45960996985514,1.4021813869476318,43664.08859655977,300
IterativeAssignmentPlanner,300,5,2.0,10,372.97697227215707,372.97697227215707,1.4075863361358643,42926.796926022274,300
IterativeAssignmentPlanner,300,5,2.0,10,379.9340887213722,379.9340887213722,1.3900413513183594,43734.420887268156,300
IterativeAssignmentPlanner,300,5,2.0,10,480.94482502070736,480.94482502070736,1.442854404449463,45911.97759907408,300
IterativeAssignmentPlanner,300,5,2.0,10,392.88109906989183,392.88109906989183,1.3500213623046875,45721.756999597055,300
IterativeAssignmentPlanner,300,5,2.0,10,451.95852863295625,451.95852863295625,1.3639392852783203,43552.86045197881,300
IterativeAssignmentPlanner,300,5,2.0,10,318.11165740017947,318.11165740017947,1.3438465595245361,39181.43578687501,300
IterativeAssignmentPlanner,300,5,2.0,10,342.74842568596824,342.74842568596824,1.3640429973602295,40854.858992307985,300
IterativeAssignmentPlanner,300,5,2.0,10,353.47159746236696,353.47159746236696,1.369527816772461,43879.488180217,300
IterativeAssignmentPlanner,300,5,2.0,10,363.0252853152791,363.0252853152791,1.3275539875030518,45163.81919877187,300
IterativeAssignmentPlanner,300,5,2.0,10,392.97008820803404,392.97008820803404,1.346853256225586,44355.10126905067,300
IterativeAssignmentPlanner,300,5,2.0,10,354.33560344808126,354.33560344808126,1.330033540725708,43473.86516978226,300
IterativeAssignmentPlanner,300,5,2.0,10,339.58185263649773,339.58185263649773,1.3872108459472656,41244.83211934034,300
IterativeAssignmentPlanner,300,5,2.0,10,329.19759704041564,329.19759704041564,1.3814170360565186,39422.95401127323,300
IterativeAssignmentPlanner,300,5,2.0,10,381.3060803401732,381.3060803401732,1.394589900970459,48290.03549695811,300
IterativeAssignmentPlanner,300,5,2.0,10,406.5019154969632,406.5019154969632,1.37632155418396,46562.556460583735,300
IterativeAssignmentPlanner,300,5,2.0,10,442.71183064722265,442.71183064722265,1.3677089214324951,44525.25141705521,300
IterativeAssignmentPlanner,300,5,2.0,10,362.6738233628838,362.6738233628838,1.3849818706512451,44046.10399102838,300
IterativeAssignmentPlanner,300,5,2.0,10,467.27770038702437,467.27770038702437,1.4037294387817383,48501.590794077,300
IterativeAssignmentPlanner,300,5,2.0,10,454.1040261798149,454.1040261798149,1.40036940574646,42537.00135056542,300
IterativeAssignmentPlanner,300,4,2.0,15,479.58648291811545,479.58648291811545,1.3466873168945312,56030.74256345015,300
IterativeAssignmentPlanner,300,4,2.0,15,501.6573273900043,501.6573273900043,1.3826298713684082,56246.633043395756,300
IterativeAssignmentPlanner,300,4,2.0,15,505.96225970500893,505.96225970500893,1.3848884105682373,56148.73949496038,300
IterativeAssignmentPlanner,300,4,2.0,15,489.6625004226653,489.6625004226653,1.3544838428497314,57400.2987792194,300
IterativeAssignmentPlanner,300,4,2.0,15,512.1126647132116,512.1126647132116,1.2872207164764404,59749.03679036184,300
IterativeAssignmentPlanner,300,4,2.0,15,490.9797388231357,490.9797388231357,1.3449220657348633,52057.30536906866,300
IterativeAssignmentPlanner,300,4,2.0,15,491.6813096038813,491.6813096038813,1.3290107250213623,55120.972460392426,300
IterativeAssignmentPlanner,300,4,2.0,15,511.18602578342495,511.18602578342495,1.4102144241333008,57765.086600222174,300
IterativeAssignmentPlanner,300,4,2.0,15,479.9708467397726,479.9708467397726,1.3574953079223633,61589.575142980306,300
IterativeAssignmentPlanner,300,4,2.0,15,459.1129803912728,459.1129803912728,1.3598246574401855,52036.74174094352,300
IterativeAssignmentPlanner,300,4,2.0,15,450.98078741758025,450.98078741758025,1.317537784576416,58821.16320930921,300
IterativeAssignmentPlanner,300,4,2.0,15,459.56384443368773,459.56384443368773,1.3501272201538086,54054.110055438054,300
IterativeAssignmentPlanner,300,4,2.0,15,511.1277425054532,511.1277425054532,1.3649675846099854,58221.05301201049,300
IterativeAssignmentPlanner,300,4,2.0,15,484.57977686466273,484.57977686466273,1.3500914573669434,63028.45489604291,300
IterativeAssignmentPlanner,300,4,2.0,15,459.0944279697064,459.0944279697064,1.3423724174499512,55198.48452606605,300
IterativeAssignmentPlanner,300,4,2.0,15,489.87367485914535,489.87367485914535,1.3880016803741455,59534.53215327259,300
IterativeAssignmentPlanner,300,4,2.0,15,467.0753938168578,467.0753938168578,1.3877439498901367,53505.54765873493,300
IterativeAssignmentPlanner,300,4,2.0,15,520.3987824525747,520.3987824525747,1.540947437286377,57679.064467027034,300
IterativeAssignmentPlanner,300,4,2.0,15,480.2957627763417,480.2957627763417,1.36012601852417,56860.19372483786,300
IterativeAssignmentPlanner,300,4,2.0,15,543.1427313541484,543.1427313541484,1.3240933418273926,61329.56398471195,300
IterativeAssignmentPlanner,300,4,2.0,15,494.34732958753057,494.34732958753057,1.3373973369598389,58282.21911249934,300
IterativeAssignmentPlanner,300,4,2.0,15,483.4538422662242,483.4538422662242,1.3302273750305176,58925.29297035845,300
IterativeAssignmentPlanner,300,4,2.0,15,450.39450647123186,450.39450647123186,1.3326449394226074,54480.47004671859,300
IterativeAssignmentPlanner,300,4,2.0,15,508.4388643779232,508.4388643779232,1.329054594039917,56991.753404116535,300
IterativeAssignmentPlanner,300,4,2.0,15,553.3218674512257,553.3218674512257,1.3121569156646729,60424.3686946953,300
IterativeAssignmentPlanner,300,4,2.0,15,468.4272368238509,468.4272368238509,1.4778838157653809,55654.39103811892,300
IterativeAssignmentPlanner,300,4,2.0,15,481.57871050933454,481.57871050933454,1.3281900882720947,55683.29569126444,300
IterativeAssignmentPlanner,300,4,2.0,15,454.6148028852672,454.6148028852672,1.3255598545074463,53639.81598878551,300
IterativeAssignmentPlanner,300,4,2.0,15,503.0349829938583,503.0349829938583,1.372175931930542,56253.90331561987,300
IterativeAssignmentPlanner,300,4,2.0,15,489.28178229880973,489.28178229880973,1.393834114074707,59290.93303246785,300
KmeansAssignmentPlanner,300,17,2.0,3,159.00505984302464,159.00505984302464,1.7960047721862793,20177.19642901606,300
KmeansAssignmentPlanner,300,17,2.0,3,163.90718548829201,163.90718548829201,1.851053237915039,20493.79111879959,300
KmeansAssignmentPlanner,300,17,2.0,3,154.5165798742579,154.5165798742579,1.827101707458496,20274.210059275418,300
KmeansAssignmentPlanner,300,17,2.0,3,154.5067038346879,154.5067038346879,1.7818052768707275,20606.027852524832,300
KmeansAssignmentPlanner,300,17,2.0,3,185.95678396322126,185.95678396322126,1.8851346969604492,21012.429127243566,300
KmeansAssignmentPlanner,300,17,2.0,3,151.66493102343412,151.66493102343412,1.8511567115783691,19424.059822574833,300
KmeansAssignmentPlanner,300,17,2.0,3,164.10109088572358,164.10109088572358,1.793144941329956,20120.78198187205,300
KmeansAssignmentPlanner,300,17,2.0,3,141.9403152353219,141.9403152353219,1.8797850608825684,20518.314384919206,300
KmeansAssignmentPlanner,300,17,2.0,3,151.23485707148316,151.23485707148316,1.957887887954712,20695.726172335362,300
KmeansAssignmentPlanner,300,17,2.0,3,165.41853566002075,165.41853566002075,1.798597812652588,20796.86443219483,300
KmeansAssignmentPlanner,300,17,2.0,3,143.37684547744257,143.37684547744257,1.8433825969696045,20131.240616649113,300
KmeansAssignmentPlanner,300,17,2.0,3,149.27893704524854,149.27893704524854,1.8648300170898438,20482.701601296998,300
KmeansAssignmentPlanner,300,17,2.0,3,171.5138302786146,171.5138302786146,1.838294267654419,20589.61992696596,300
KmeansAssignmentPlanner,300,17,2.0,3,148.5662003475324,148.5662003475324,1.7883796691894531,20973.702824725206,300
KmeansAssignmentPlanner,300,17,2.0,3,150.1651363827436,150.1651363827436,1.8360764980316162,20593.036333563487,300
KmeansAssignmentPlanner,300,17,2.0,3,144.84069188914128,144.84069188914128,1.904874324798584,20735.914919309114,300
KmeansAssignmentPlanner,300,17,2.0,3,139.65959833167327,139.65959833167327,1.8928067684173584,19612.34556663007,300
KmeansAssignmentPlanner,300,17,2.0,3,159.97537065775904,159.97537065775904,1.7428717613220215,19807.866775453793,300
KmeansAssignmentPlanner,300,17,2.0,3,175.8126302729953,175.8126302729953,1.933457851409912,20875.864341928765,300
KmeansAssignmentPlanner,300,17,2.0,3,143.81769381687508,143.81769381687508,1.87898588180542,19509.5794818254,300
KmeansAssignmentPlanner,300,17,2.0,3,165.1474549274,165.1474549274,2.133516788482666,20569.833891517246,300
KmeansAssignmentPlanner,300,17,2.0,3,144.99641776968113,144.99641776968113,2.5063867568969727,19667.254056182024,300
KmeansAssignmentPlanner,300,17,2.0,3,141.65433886425689,141.65433886425689,2.7648520469665527,19515.063100824333,300
KmeansAssignmentPlanner,300,17,2.0,3,152.5811134883736,152.5811134883736,2.005136489868164,20032.400164057293,300
KmeansAssignmentPlanner,300,17,2.0,3,153.99669167749184,153.99669167749184,3.5504982471466064,21406.472277459485,300
KmeansAssignmentPlanner,300,17,2.0,3,171.4651260554061,171.4651260554061,2.2216312885284424,21074.92496730964,300
KmeansAssignmentPlanner,300,17,2.0,3,173.46451007850365,173.46451007850365,3.1906254291534424,19124.19805696601,300
KmeansAssignmentPlanner,300,17,2.0,3,169.2314374935117,169.2314374935117,1.973346471786499,20839.67140213748,300
KmeansAssignmentPlanner,300,17,2.0,3,146.3994919848735,146.3994919848735,1.825979471206665,19912.433755913273,300
KmeansAssignmentPlanner,300,17,2.0,3,142.8471875433579,142.8471875433579,1.8669497966766357,19758.444192135878,300
KmeansAssignmentPlanner,300,10,2.0,5,234.85461207514453,234.85461207514453,1.6761212348937988,26990.005405927343,300
KmeansAssignmentPlanner,300,10,2.0,5,200.10211370820696,200.10211370820696,1.7056267261505127,26958.664977353,300
KmeansAssignmentPlanner,300,10,2.0,5,239.54269424751035,239.54269424751035,1.625455617904663,26071.39695175774,300
KmeansAssignmentPlanner,300,10,2.0,5,223.95837624634308,223.95837624634308,1.63631272315979,27930.434280101766,300
KmeansAssignmentPlanner,300,10,2.0,5,247.40097979671526,247.40097979671526,1.761716365814209,28342.32302214713,300
KmeansAssignmentPlanner,300,10,2.0,5,200.08877177646616,200.08877177646616,1.7057883739471436,26931.46667196556,300
KmeansAssignmentPlanner,300,10,2.0,5,227.45231096773443,227.45231096773443,1.7212204933166504,28041.25576461307,300
KmeansAssignmentPlanner,300,10,2.0,5,239.64627949056427,239.64627949056427,1.7167000770568848,28053.03202559646,300
KmeansAssignmentPlanner,300,10,2.0,5,211.1956616603115,211.1956616603115,1.6988165378570557,27588.046647531697,300
KmeansAssignmentPlanner,300,10,2.0,5,246.22335543108596,246.22335543108596,1.7594449520111084,28384.52036732976,300
KmeansAssignmentPlanner,300,10,2.0,5,235.37193007992178,235.37193007992178,1.7585749626159668,28150.033468685277,300
KmeansAssignmentPlanner,300,10,2.0,5,184.30209739144735,184.30209739144735,1.707305908203125,26544.343758967356,300
KmeansAssignmentPlanner,300,10,2.0,5,212.9197654797426,212.9197654797426,1.7853953838348389,28309.59647622118,300
KmeansAssignmentPlanner,300,10,2.0,5,227.99354083608645,227.99354083608645,1.6723284721374512,27700.910988978198,300
KmeansAssignmentPlanner,300,10,2.0,5,197.20670174901787,197.20670174901787,1.6611943244934082,27379.217327287817,300
KmeansAssignmentPlanner,300,10,2.0,5,204.47462979660247,204.47462979660247,1.6749787330627441,26162.093721065437,300
KmeansAssignmentPlanner,300,10,2.0,5,193.0467416160052,193.0467416160052,1.749870777130127,26974.01899820374,300
KmeansAssignmentPlanner,300,10,2.0,5,236.35558274678533,236.35558274678533,1.6972649097442627,26826.928157493374,300
KmeansAssignmentPlanner,300,10,2.0,5,207.58145695588337,207.58145695588337,1.6782922744750977,26989.99087998308,300
KmeansAssignmentPlanner,300,10,2.0,5,220.3734943125112,220.3734943125112,1.663405418395996,27843.128508487192,300
KmeansAssignmentPlanner,300,10,2.0,5,198.75007137697787,198.75007137697787,1.657033920288086,27555.406135818288,300
KmeansAssignmentPlanner,300,10,2.0,5,249.264796162433,249.264796162433,1.6333012580871582,26395.432910648207,300
KmeansAssignmentPlanner,300,10,2.0,5,204.7827906238726,204.7827906238726,1.6960411071777344,27563.32228151573,300
KmeansAssignmentPlanner,300,10,2.0,5,208.50200985884533,208.50200985884533,1.689457893371582,26855.23365888471,300
KmeansAssignmentPlanner,300,10,2.0,5,210.87006765123576,210.87006765123576,1.6503217220306396,27443.79043559314,300
KmeansAssignmentPlanner,300,10,2.0,5,209.29574034682065,209.29574034682065,1.6385021209716797,27978.34786322301,300
KmeansAssignmentPlanner,300,10,2.0,5,220.27228339903618,220.27228339903618,1.676509141921997,26509.361522161875,300
KmeansAssignmentPlanner,300,10,2.0,5,256.4458400062955,256.4458400062955,1.7480971813201904,26647.18278792825,300
KmeansAssignmentPlanner,300,10,2.0,5,190.03423686768502,190.03423686768502,1.7178921699523926,27460.431247156226,300
KmeansAssignmentPlanner,300,10,2.0,5,231.98343769855265,231.98343769855265,1.6598420143127441,26840.661657251694,300
KmeansAssignmentPlanner,300,5,2.0,10,358.6312434274833,358.6312434274833,1.4887511730194092,48210.75176084436,300
KmeansAssignmentPlanner,300,5,2.0,10,462.2625421434024,462.2625421434024,1.5722501277923584,51924.876642543124,300
KmeansAssignmentPlanner,300,5,2.0,10,480.866054431257,480.866054431257,1.5878229141235352,50645.492359959404,300
KmeansAssignmentPlanner,300,5,2.0,10,455.4015223313514,455.4015223313514,1.5960426330566406,53830.50491334611,300
KmeansAssignmentPlanner,300,5,2.0,10,477.7279390292672,477.7279390292672,1.604665994644165,50558.81630435986,300
KmeansAssignmentPlanner,300,5,2.0,10,422.6925960368013,422.6925960368013,1.5562081336975098,46369.14215674765,300
KmeansAssignmentPlanner,300,5,2.0,10,556.1630036947066,556.1630036947066,1.5956649780273438,49311.54797179594,300
KmeansAssignmentPlanner,300,5,2.0,10,440.34102217479267,440.34102217479267,1.5862231254577637,50422.54601698215,300
KmeansAssignmentPlanner,300,5,2.0,10,391.3445525713254,391.3445525713254,1.625187635421753,50801.09152234836,300
KmeansAssignmentPlanner,300,5,2.0,10,426.7598197270725,426.7598197270725,1.634352207183838,51302.593669169444,300
KmeansAssignmentPlanner,300,5,2.0,10,444.26190335790847,444.26190335790847,1.632594108581543,53386.46008788034,300
KmeansAssignmentPlanner,300,5,2.0,10,418.3527394735254,418.3527394735254,1.6552042961120605,51250.99547875786,300
KmeansAssignmentPlanner,300,5,2.0,10,415.50875753573104,415.50875753573104,1.6598665714263916,50757.8265277148,300
KmeansAssignmentPlanner,300,5,2.0,10,430.2503070994065,430.2503070994065,1.5562376976013184,52582.596617557516,300
KmeansAssignmentPlanner,300,5,2.0,10,458.0071562533947,458.0071562533947,1.6307220458984375,49715.37584755033,300
KmeansAssignmentPlanner,300,5,2.0,10,463.6236367139165,463.6236367139165,1.6130671501159668,48495.30991626174,300
KmeansAssignmentPlanner,300,5,2.0,10,432.74772135526575,432.74772135526575,1.5755977630615234,50383.28616921077,300
KmeansAssignmentPlanner,300,5,2.0,10,463.9124007164217,463.9124007164217,1.6635222434997559,48650.06176924685,300
KmeansAssignmentPlanner,300,5,2.0,10,436.7377511064713,436.7377511064713,1.5230045318603516,54401.43246138484,300
KmeansAssignmentPlanner,300,5,2.0,10,480.3153952168602,480.3153952168602,1.674999475479126,52947.889553878005,300
KmeansAssignmentPlanner,300,5,2.0,10,398.35703262318447,398.35703262318447,1.6167752742767334,49920.04108283273,300
KmeansAssignmentPlanner,300,5,2.0,10,458.95659615654216,458.95659615654216,1.5751006603240967,47648.181955941014,300
KmeansAssignmentPlanner,300,5,2.0,10,405.45015631464264,405.45015631464264,1.622520923614502,47747.99871504124,300
KmeansAssignmentPlanner,300,5,2.0,10,389.2318507292872,389.2318507292872,1.513530969619751,50475.27860888258,300
KmeansAssignmentPlanner,300,5,2.0,10,483.26300703896493,483.26300703896493,1.6065106391906738,54238.66210064608,300
KmeansAssignmentPlanner,300,5,2.0,10,417.7009229180398,417.7009229180398,1.543933391571045,49666.86547908471,300
KmeansAssignmentPlanner,300,5,2.0,10,414.675930106667,414.675930106667,1.5542304515838623,50251.6435150046,300
KmeansAssignmentPlanner,300,5,2.0,10,417.5793805135617,417.5793805135617,1.5851922035217285,52194.27610440781,300
KmeansAssignmentPlanner,300,5,2.0,10,384.88478236536133,384.88478236536133,1.5872836112976074,49904.49161403932,300
KmeansAssignmentPlanner,300,5,2.0,10,534.6993099684637,534.6993099684637,1.5948364734649658,51240.44382594206,300
KmeansAssignmentPlanner,300,4,2.0,15,557.6912496406067,557.6912496406067,1.6298465728759766,65296.91953915687,300
KmeansAssignmentPlanner,300,4,2.0,15,502.5846388859732,502.5846388859732,1.504427433013916,61733.304199021644,300
KmeansAssignmentPlanner,300,4,2.0,15,491.63356632001796,491.63356632001796,1.5167317390441895,67481.43818109573,300
KmeansAssignmentPlanner,300,4,2.0,15,504.258515048888,504.258515048888,1.6202499866485596,65311.841311394805,300
KmeansAssignmentPlanner,300,4,2.0,15,530.1812525989405,530.1812525989405,1.4827115535736084,63802.80011182411,300
KmeansAssignmentPlanner,300,4,2.0,15,482.8182610102744,482.8182610102744,1.4805073738098145,61115.91539920513,300
KmeansAssignmentPlanner,300,4,2.0,15,565.8617328193567,565.8617328193567,1.526512622833252,64483.23186158623,300
KmeansAssignmentPlanner,300,4,2.0,15,570.9868206975665,570.9868206975665,1.5567212104797363,66940.67949105296,300
KmeansAssignmentPlanner,300,4,2.0,15,542.4277450374369,542.4277450374369,1.4980871677398682,63775.770080353206,300
KmeansAssignmentPlanner,300,4,2.0,15,512.700109546792,512.700109546792,1.4921605587005615,62686.79588382662,300
KmeansAssignmentPlanner,300,4,2.0,15,497.0774633596115,497.0774633596115,1.4583733081817627,64528.47786712571,300
KmeansAssignmentPlanner,300,4,2.0,15,527.443409865663,527.443409865663,1.5086839199066162,65778.45789203366,300
KmeansAssignmentPlanner,300,4,2.0,15,562.4826913147588,562.4826913147588,1.5793297290802002,68094.03289214705,300
KmeansAssignmentPlanner,300,4,2.0,15,475.96496544503265,475.96496544503265,1.4598510265350342,66439.59540337721,300
KmeansAssignmentPlanner,300,4,2.0,15,517.3114415304188,517.3114415304188,1.5143005847930908,68549.70838170443,300
KmeansAssignmentPlanner,300,4,2.0,15,526.8311540602222,526.8311540602222,1.4861712455749512,61759.06062792985,300
KmeansAssignmentPlanner,300,4,2.0,15,540.457204801839,540.457204801839,1.4812262058258057,64688.1226545766,300
KmeansAssignmentPlanner,300,4,2.0,15,544.8421469560233,544.8421469560233,1.8318920135498047,66132.02578923895,300
KmeansAssignmentPlanner,300,4,2.0,15,533.688654527575,533.688654527575,1.6043291091918945,65997.71179452587,300
KmeansAssignmentPlanner,300,4,2.0,15,534.5656605168205,534.5656605168205,1.5365402698516846,67811.82912711598,300
KmeansAssignmentPlanner,300,4,2.0,15,499.88594314686145,499.88594314686145,1.4981019496917725,64619.338671437334,300
KmeansAssignmentPlanner,300,4,2.0,15,518.2152755407795,518.2152755407795,1.504345178604126,63368.0810934376,300
KmeansAssignmentPlanner,300,4,2.0,15,648.6888032043239,648.6888032043239,1.5962343215942383,64931.99425590463,300
KmeansAssignmentPlanner,300,4,2.0,15,542.3675658106844,542.3675658106844,1.6011648178100586,61706.093062624655,300
KmeansAssignmentPlanner,300,4,2.0,15,530.1937999677725,530.1937999677725,1.6376690864562988,66057.51234112782,300
KmeansAssignmentPlanner,300,4,2.0,15,537.9031537496352,537.9031537496352,1.4818925857543945,65539.56256991447,300
KmeansAssignmentPlanner,300,4,2.0,15,515.9935190752427,515.9935190752427,1.512545108795166,61557.83222412719,300
KmeansAssignmentPlanner,300,4,2.0,15,575.2033755214272,575.2033755214272,1.5081918239593506,65311.00624306453,300
KmeansAssignmentPlanner,300,4,2.0,15,539.7881111811372,539.7881111811372,1.4953298568725586,65153.9970403824,300
KmeansAssignmentPlanner,300,4,2.0,15,549.5142182119649,549.5142182119649,1.5744004249572754,65474.58347643182,300
Practical100TravelingLinePlanner,300,17,2.0,3,45.409410227958816,45.409410227958816,1.6640067100524902,49706.79448130416,100
Practical100TravelingLinePlanner,300,17,2.0,3,45.056337018054535,45.056337018054535,1.6144194602966309,49382.70860950177,100
Practical100TravelingLinePlanner,300,17,2.0,3,51.53450498311078,51.53450498311078,1.6426825523376465,50172.810485092436,100
Practical100TravelingLinePlanner,300,17,2.0,3,49.2352125521042,49.2352125521042,1.7763011455535889,50198.28246554905,100
Practical100TravelingLinePlanner,300,17,2.0,3,46.33546208671231,46.33546208671231,1.7089827060699463,49131.173471981936,100
Practical100TravelingLinePlanner,300,17,2.0,3,39.1034607730414,39.1034607730414,1.6965672969818115,49074.21104481337,100
Practical100TravelingLinePlanner,300,17,2.0,3,43.515561766986195,43.515561766986195,1.6469182968139648,49403.13078495733,100
Practical100TravelingLinePlanner,300,17,2.0,3,43.36716194045117,43.36716194045117,1.6607139110565186,49402.90799243291,100
Practical100TravelingLinePlanner,300,17,2.0,3,60.00924937514648,60.00924937514648,1.6625561714172363,50830.55804832524,100
Practical100TravelingLinePlanner,300,17,2.0,3,47.185269574204014,47.185269574204014,1.721919059753418,49605.61714816884,100
Practical100TravelingLinePlanner,300,17,2.0,3,51.77359921206984,51.77359921206984,1.7282154560089111,49652.480377378,100
Practical100TravelingLinePlanner,300,17,2.0,3,47.40555966089758,47.40555966089758,1.662477970123291,49009.636465800795,100
Practical100TravelingLinePlanner,300,17,2.0,3,50.37048289517702,50.37048289517702,1.6720521450042725,50156.77434557385,100
Practical100TravelingLinePlanner,300,17,2.0,3,51.54276610605218,51.54276610605218,1.6756160259246826,49922.70889645412,100
Practical100TravelingLinePlanner,300,17,2.0,3,46.88750541913681,46.88750541913681,1.6616449356079102,49472.581108070946,100
Practical100TravelingLinePlanner,300,17,2.0,3,52.19690607996611,52.19690607996611,1.6745316982269287,49934.38408156561,100
Practical100TravelingLinePlanner,300,17,2.0,3,39.86595127486491,39.86595127486491,1.6390101909637451,49317.56845059509,100
Practical100TravelingLinePlanner,300,17,2.0,3,42.067304926751206,42.067304926751206,1.6743996143341064,49704.348398260314,100
Practical100TravelingLinePlanner,300,17,2.0,3,49.314297328940306,49.314297328940306,1.7035388946533203,49272.20880090745,100
Practical100TravelingLinePlanner,300,17,2.0,3,51.04774949607088,51.04774949607088,1.6262152194976807,50310.53533479111,100
Practical100TravelingLinePlanner,300,17,2.0,3,50.447945870453324,50.447945870453324,1.6252851486206055,50271.652579619775,100
Practical100TravelingLinePlanner,300,17,2.0,3,49.94236421444441,49.94236421444441,1.6631829738616943,50271.849910848694,100
Practical100TravelingLinePlanner,300,17,2.0,3,38.59775354032808,38.59775354032808,1.6883270740509033,49360.88975343976,100
Practical100TravelingLinePlanner,300,17,2.0,3,48.334284361066935,48.334284361066935,1.6205682754516602,49821.0043607111,100
Practical100TravelingLinePlanner,300,17,2.0,3,52.85029049062705,52.85029049062705,1.6668596267700195,49609.39449368976,100
Practical100TravelingLinePlanner,300,17,2.0,3,52.28146941993245,52.28146941993245,1.7100090980529785,50287.33079464454,100
Practical100TravelingLinePlanner,300,17,2.0,3,43.646496203882975,43.646496203882975,1.6453337669372559,50202.56394300045,100
Practical100TravelingLinePlanner,300,17,2.0,3,47.37538007654625,47.37538007654625,1.6434123516082764,49147.57107030102,100
Practical100TravelingLinePlanner,300,17,2.0,3,43.836600901260894,43.836600901260894,1.6276335716247559,49201.97804812953,100
Practical100TravelingLinePlanner,300,17,2.0,3,43.68787445849143,43.68787445849143,1.69987154006958,49909.72574426985,100
Practical100TravelingLinePlanner,300,10,2.0,5,47.72176412400005,47.72176412400005,1.6575801372528076,49938.029870908285,100
Practical100TravelingLinePlanner,300,10,2.0,5,55.85384820837498,55.85384820837498,1.646437644958496,50462.45972853381,100
Practical100TravelingLinePlanner,300,10,2.0,5,47.783172611459136,47.783172611459136,1.6323051452636719,49797.67724792727,100
Practical100TravelingLinePlanner,300,10,2.0,5,56.51798297276744,56.51798297276744,1.6379876136779785,50926.55950761537,100
Practical100TravelingLinePlanner,300,10,2.0,5,46.09174732621062,46.09174732621062,1.6337943077087402,49106.80199593177,100
Practical100TravelingLinePlanner,300,10,2.0,5,45.52739088220578,45.52739088220578,1.6200377941131592,49716.60405572981,100
Practical100TravelingLinePlanner,300,10,2.0,5,47.87925017974102,47.87925017974102,1.6376440525054932,49839.49962623281,100
Practical100TravelingLinePlanner,300,10,2.0,5,45.340360524907496,45.340360524907496,1.769026756286621,49600.22785087854,100
Practical100TravelingLinePlanner,300,10,2.0,5,51.97943301311314,51.97943301311314,1.6503691673278809,50027.57641212191,100
Practical100TravelingLinePlanner,300,10,2.0,5,46.243620991111634,46.243620991111634,1.6655514240264893,49511.452289859604,100
Practical100TravelingLinePlanner,300,10,2.0,5,49.57410839433275,49.57410839433275,1.6458699703216553,49432.53129560429,100
Practical100TravelingLinePlanner,300,10,2.0,5,50.13207992504,50.13207992504,1.6704213619232178,49282.28849221503,100
Practical100TravelingLinePlanner,300,10,2.0,5,52.831911143578964,52.831911143578964,1.6165621280670166,50402.917170414046,100
Practical100TravelingLinePlanner,300,10,2.0,5,60.44933996540334,60.44933996540334,1.6452739238739014,50813.36628238923,100
Practical100TravelingLinePlanner,300,10,2.0,5,52.882713529360785,52.882713529360785,1.6452269554138184,50072.101919093344,100
Practical100TravelingLinePlanner,300,10,2.0,5,47.99628479404288,47.99628479404288,1.7300357818603516,49514.32195297329,100
Practical100TravelingLinePlanner,300,10,2.0,5,48.36128191286764,48.36128191286764,1.6709816455841064,50167.10151439536,100
Practical100TravelingLinePlanner,300,10,2.0,5,41.20792428182002,41.20792428182002,1.627547025680542,49618.4103337672,100
Practical100TravelingLinePlanner,300,10,2.0,5,56.32552877854483,56.32552877854483,1.6931393146514893,49973.331945867896,100
Practical100TravelingLinePlanner,300,10,2.0,5,59.358433424147094,59.358433424147094,1.6832096576690674,51141.60372759873,100
Practical100TravelingLinePlanner,300,10,2.0,5,42.24477176156645,42.24477176156645,1.6239659786224365,49451.335168731086,100
Practical100TravelingLinePlanner,300,10,2.0,5,54.091937221618046,54.091937221618046,1.5994629859924316,50686.807211566054,100
Practical100TravelingLinePlanner,300,10,2.0,5,39.403959229423236,39.403959229423236,2.0317070484161377,49441.51032234928,100
Practical100TravelingLinePlanner,300,10,2.0,5,54.28458661779213,54.28458661779213,1.5771963596343994,50416.03458638362,100
Practical100TravelingLinePlanner,300,10,2.0,5,49.233663802792904,49.233663802792904,1.6424250602722168,49247.73182490635,100
Practical100TravelingLinePlanner,300,10,2.0,5,57.419697404081305,57.419697404081305,1.6940665245056152,50801.153593059425,100
Practical100TravelingLinePlanner,300,10,2.0,5,52.1200384454362,52.1200384454362,1.5804545879364014,51049.918167155774,100
Practical100TravelingLinePlanner,300,10,2.0,5,49.66060538536529,49.66060538536529,1.6723816394805908,49376.093601182925,100
Practical100TravelingLinePlanner,300,10,2.0,5,55.583879897807904,55.583879897807904,1.680225133895874,50376.705947784234,100
Practical100TravelingLinePlanner,300,10,2.0,5,45.74473763660855,45.74473763660855,1.5892527103424072,50115.41206208155,100
Practical100TravelingLinePlanner,300,5,2.0,10,55.64782683222005,55.64782683222005,1.6499619483947754,50730.63614173028,100
Practical100TravelingLinePlanner,300,5,2.0,10,45.520948661332305,45.520948661332305,1.617377519607544,49429.16977382955,100
Practical100TravelingLinePlanner,300,5,2.0,10,44.328175585345534,44.328175585345534,1.6092610359191895,49452.17754531591,100
Practical100TravelingLinePlanner,300,5,2.0,10,59.73666873608282,59.73666873608282,1.6953930854797363,51248.42808394691,100
Practical100TravelingLinePlanner,300,5,2.0,10,47.902168752698955,47.902168752698955,1.8074407577514648,49287.8441385806,100
Practical100TravelingLinePlanner,300,5,2.0,10,48.70015072640996,48.70015072640996,1.660529375076294,50033.88004015022,100
Practical100TravelingLinePlanner,300,5,2.0,10,45.12566456998543,45.12566456998543,1.6738801002502441,49564.14106525725,100
Practical100TravelingLinePlanner,300,5,2.0,10,47.378153696650955,47.378153696650955,1.6454999446868896,49804.00716805289,100
Practical100TravelingLinePlanner,300,5,2.0,10,57.01231663609998,57.01231663609998,1.6950180530548096,50530.86477442059,100
Practical100TravelingLinePlanner,300,5,2.0,10,43.44271139059764,43.44271139059764,1.7255120277404785,49231.361329808205,100
Practical100TravelingLinePlanner,300,5,2.0,10,49.478102422780026,49.478102422780026,2.0599403381347656,49422.93069844902,100
Practical100TravelingLinePlanner,300,5,2.0,10,46.52646527782603,46.52646527782603,1.6177542209625244,48921.72702749364,100
Practical100TravelingLinePlanner,300,5,2.0,10,50.14329515936915,50.14329515936915,1.683032751083374,50134.05557199307,100
Practical100TravelingLinePlanner,300,5,2.0,10,63.13057134681409,63.13057134681409,1.600968360900879,51081.489420530306,100
Practical100TravelingLinePlanner,300,5,2.0,10,58.70404040018601,58.70404040018601,1.6519086360931396,50654.234606175865,100
Practical100TravelingLinePlanner,300,5,2.0,10,45.666181496214236,45.666181496214236,1.578935146331787,49281.31162319042,100
Practical100TravelingLinePlanner,300,5,2.0,10,51.22016211149726,51.22016211149726,1.6748077869415283,50452.989534258326,100
Practical100TravelingLinePlanner,300,5,2.0,10,50.461330141566854,50.461330141566854,1.5894029140472412,50543.75091974188,100
Practical100TravelingLinePlanner,300,5,2.0,10,61.54078024163428,61.54078024163428,1.8012769222259521,50494.85709217684,100
Practical100TravelingLinePlanner,300,5,2.0,10,56.61248221498651,56.61248221498651,1.676032304763794,50867.00860668267,100
Practical100TravelingLinePlanner,300,5,2.0,10,49.578534787392925,49.578534787392925,1.6359319686889648,50184.711471313734,100
Practical100TravelingLinePlanner,300,5,2.0,10,43.96829727666106,43.96829727666106,1.6300899982452393,49674.44321707036,100
Practical100TravelingLinePlanner,300,5,2.0,10,47.44599927866513,47.44599927866513,1.6155290603637695,50245.71432727347,100
Practical100TravelingLinePlanner,300,5,2.0,10,57.08755887324955,57.08755887324955,1.7848796844482422,50696.33181192936,100
Practical100TravelingLinePlanner,300,5,2.0,10,48.65478788284003,48.65478788284003,1.6146998405456543,49189.844232911055,100
Practical100TravelingLinePlanner,300,5,2.0,10,59.533586849690955,59.533586849690955,1.6005785465240479,51012.54253762039,100
Practical100TravelingLinePlanner,300,5,2.0,10,49.35783414417159,49.35783414417159,1.65736985206604,50773.69773702932,100
Practical100TravelingLinePlanner,300,5,2.0,10,46.74335635953676,46.74335635953676,1.587620735168457,49084.368698600076,100
Practical100TravelingLinePlanner,300,5,2.0,10,52.72529211568637,52.72529211568637,1.5866336822509766,50090.84716957208,100
Practical100TravelingLinePlanner,300,5,2.0,10,47.48305814708524,47.48305814708524,1.5801050662994385,50289.24411312922,100
Practical100TravelingLinePlanner,300,4,2.0,15,54.229644836519775,54.229644836519775,1.6173980236053467,50588.81794216026,100
Practical100TravelingLinePlanner,300,4,2.0,15,46.930027175270155,46.930027175270155,1.6170029640197754,49570.07762522333,100
Practical100TravelingLinePlanner,300,4,2.0,15,45.74584696594437,45.74584696594437,1.6360552310943604,49593.9446833758,100
Practical100TravelingLinePlanner,300,4,2.0,15,63.96106571308968,63.96106571308968,1.5450193881988525,51670.8677816476,100
Practical100TravelingLinePlanner,300,4,2.0,15,57.77179515677564,57.77179515677564,1.6128125190734863,50274.80677898827,100
Practical100TravelingLinePlanner,300,4,2.0,15,46.247359283491946,46.247359283491946,1.5813212394714355,49788.60089585843,100
Practical100TravelingLinePlanner,300,4,2.0,15,43.73034757530419,43.73034757530419,1.6403682231903076,49424.609365789125,100
Practical100TravelingLinePlanner,300,4,2.0,15,45.4343592113582,45.4343592113582,1.6946804523468018,49609.62771952361,100
Practical100TravelingLinePlanner,300,4,2.0,15,48.772040089171,48.772040089171,1.5726714134216309,49706.837119727694,100
Practical100TravelingLinePlanner,300,4,2.0,15,44.83963202238988,44.83963202238988,1.7301552295684814,49371.05339298743,100
Practical100TravelingLinePlanner,300,4,2.0,15,50.88764883957927,50.88764883957927,1.634988784790039,49563.885340128945,100
Practical100TravelingLinePlanner,300,4,2.0,15,53.2523633561199,53.2523633561199,1.6003444194793701,49594.31683532303,100
Practical100TravelingLinePlanner,300,4,2.0,15,47.310671879253576,47.310671879253576,1.6241114139556885,49850.79324398151,100
Practical100TravelingLinePlanner,300,4,2.0,15,59.120263997894654,59.120263997894654,1.6314172744750977,50680.45868563836,100
Practical100TravelingLinePlanner,300,4,2.0,15,65.72714281355336,65.72714281355336,1.6351182460784912,51356.5448475126,100
Practical100TravelingLinePlanner,300,4,2.0,15,51.80925267113345,51.80925267113345,1.610243320465088,49895.618740682345,100
Practical100TravelingLinePlanner,300,4,2.0,15,46.934520069026746,46.934520069026746,1.6397762298583984,50024.425330011276,100
Practical100TravelingLinePlanner,300,4,2.0,15,55.629730566782,55.629730566782,1.6354496479034424,51060.59096226339,100
Practical100TravelingLinePlanner,300,4,2.0,15,66.1795524430515,66.1795524430515,1.6377336978912354,50958.73431231857,100
Practical100TravelingLinePlanner,300,4,2.0,15,49.84111745592615,49.84111745592615,1.655043363571167,50189.87213077664,100
Practical100TravelingLinePlanner,300,4,2.0,15,59.11738356699889,59.11738356699889,1.6552095413208008,51138.59634927433,100
Practical100TravelingLinePlanner,300,4,2.0,15,47.041747541987604,47.041747541987604,1.7139248847961426,49981.78824360301,100
Practical100TravelingLinePlanner,300,4,2.0,15,56.928619663085215,56.928619663085215,1.573704719543457,51193.976365715476,100
Practical100TravelingLinePlanner,300,4,2.0,15,57.86670879662093,57.86670879662093,1.6659023761749268,50774.2468042665,100
Practical100TravelingLinePlanner,300,4,2.0,15,46.00151272402172,46.00151272402172,1.594447374343872,48924.516717029226,100
Practical100TravelingLinePlanner,300,4,2.0,15,61.99653783145234,61.99653783145234,1.6101617813110352,51258.83763579653,100
Practical100TravelingLinePlanner,300,4,2.0,15,47.988640149632445,47.988640149632445,1.6126928329467773,50636.7783375754,100
Practical100TravelingLinePlanner,300,4,2.0,15,48.146610578338674,48.146610578338674,1.5795741081237793,49224.694120480264,100
Practical100TravelingLinePlanner,300,4,2.0,15,51.19608342709206,51.19608342709206,1.6364235877990723,49937.92630071265,100
Practical100TravelingLinePlanner,300,4,2.0,15,46.06127593346005,46.06127593346005,1.592726230621338,50147.0658917667,100
SeparateTravelingPlanner,300,17,2.0,3,114.5379908016015,114.5379908016015,1.5767529010772705,16808.291266546934,300
SeparateTravelingPlanner,300,17,2.0,3,108.53594399203223,108.53594399203223,1.6782782077789307,16933.877344944653,300
SeparateTravelingPlanner,300,17,2.0,3,130.55037368341166,130.55037368341166,1.5895216464996338,17787.812220905067,300
SeparateTravelingPlanner,300,17,2.0,3,113.80199113604297,113.80199113604297,1.6014618873596191,17326.886793603597,300
SeparateTravelingPlanner,300,17,2.0,3,119.20144723993678,119.20144723993678,1.6166114807128906,17488.91354199767,300
SeparateTravelingPlanner,300,17,2.0,3,110.25518185950476,110.25518185950476,1.6456239223480225,16589.085941974063,300
SeparateTravelingPlanner,300,17,2.0,3,110.26577924151917,110.26577924151917,1.6500895023345947,16445.85084126216,300
SeparateTravelingPlanner,300,17,2.0,3,113.51133466898806,113.51133466898806,1.5667471885681152,17354.918611506953,300
SeparateTravelingPlanner,300,17,2.0,3,135.315432746032,135.315432746032,1.5548698902130127,18123.469846075168,300
SeparateTravelingPlanner,300,17,2.0,3,113.29171207323503,113.29171207323503,1.8794102668762207,17170.475028169283,300
SeparateTravelingPlanner,300,17,2.0,3,119.38704506272907,119.38704506272907,1.6095564365386963,17114.12340990305,300
SeparateTravelingPlanner,300,17,2.0,3,107.23537712007928,107.23537712007928,2.6003646850585938,17031.668786051338,300
SeparateTravelingPlanner,300,17,2.0,3,117.87676840913215,117.87676840913215,1.558220386505127,17533.104665083065,300
SeparateTravelingPlanner,300,17,2.0,3,110.77850570414782,110.77850570414782,1.5223612785339355,17592.919060856406,300
SeparateTravelingPlanner,300,17,2.0,3,117.68087988281161,117.68087988281161,1.6438417434692383,17701.930297274594,300
SeparateTravelingPlanner,300,17,2.0,3,120.8537472331937,120.8537472331937,1.56795072555542,18153.994898671866,300
SeparateTravelingPlanner,300,17,2.0,3,109.53104111834898,109.53104111834898,1.6235136985778809,16227.75708528721,300
SeparateTravelingPlanner,300,17,2.0,3,109.89015539620145,109.89015539620145,1.5564086437225342,16466.490352690085,300
SeparateTravelingPlanner,300,17,2.0,3,112.28595184506602,112.28595184506602,1.619527816772461,17426.39520607019,300
SeparateTravelingPlanner,300,17,2.0,3,137.49811075585333,137.49811075585333,1.5042786598205566,17462.560557353907,300
SeparateTravelingPlanner,300,17,2.0,3,137.7690461975293,137.7690461975293,1.6880404949188232,17907.08168123147,300
SeparateTravelingPlanner,300,17,2.0,3,124.22282079624091,124.22282079624091,1.504507064819336,17223.270849327262,300
SeparateTravelingPlanner,300,17,2.0,3,131.6016315455184,131.6016315455184,1.6955478191375732,16977.498909331476,300
SeparateTravelingPlanner,300,17,2.0,3,118.25922302032505,118.25922302032505,1.550351619720459,17521.182693296345,300
SeparateTravelingPlanner,300,17,2.0,3,136.37995669057736,136.37995669057736,1.602398157119751,18182.755302999034,300
SeparateTravelingPlanner,300,17,2.0,3,119.90630766218469,119.90630766218469,1.6920833587646484,17629.941142829546,300
SeparateTravelingPlanner,300,17,2.0,3,114.34041197265489,114.34041197265489,1.75372314453125,15774.226496571624,300
SeparateTravelingPlanner,300,17,2.0,3,109.79487056994856,109.79487056994856,1.6027131080627441,16860.12617664892,300
SeparateTravelingPlanner,300,17,2.0,3,111.26087053635615,111.26087053635615,1.4922115802764893,17029.44582385538,300
SeparateTravelingPlanner,300,17,2.0,3,108.82598700183281,108.82598700183281,1.737372875213623,16642.316764658506,300
SeparateTravelingPlanner,300,10,2.0,5,111.84693614423108,111.84693614423108,2.690803050994873,17153.295252425873,300
SeparateTravelingPlanner,300,10,2.0,5,119.38496416375897,119.38496416375897,2.706146478652954,18617.354754740565,300
SeparateTravelingPlanner,300,10,2.0,5,124.38310359309912,124.38310359309912,2.5764002799987793,17419.59859837492,300
SeparateTravelingPlanner,300,10,2.0,5,120.53763940947916,120.53763940947916,2.5334062576293945,19419.179264572085,300
SeparateTravelingPlanner,300,10,2.0,5,110.8962214038327,110.8962214038327,2.645005941390991,17729.40061464202,300
SeparateTravelingPlanner,300,10,2.0,5,112.76057118756106,112.76057118756106,2.7539889812469482,17525.53952043643,300
SeparateTravelingPlanner,300,10,2.0,5,127.6877146146579,127.6877146146579,2.6666905879974365,17663.548813262805,300
SeparateTravelingPlanner,300,10,2.0,5,114.84410405166332,114.84410405166332,2.672592878341675,17618.93497120234,300
SeparateTravelingPlanner,300,10,2.0,5,121.29703389447187,121.29703389447187,2.5803449153900146,18070.145423802387,300
SeparateTravelingPlanner,300,10,2.0,5,112.71409541422335,112.71409541422335,3.0280511379241943,17689.905709712035,300
SeparateTravelingPlanner,300,10,2.0,5,107.28251013753686,107.28251013753686,2.6909310817718506,17233.707486107745,300
SeparateTravelingPlanner,300,10,2.0,5,110.22493281557075,110.22493281557075,2.6318531036376953,17200.326277510725,300
SeparateTravelingPlanner,300,10,2.0,5,110.17521266471071,110.17521266471071,2.7555153369903564,17496.227993233035,300
SeparateTravelingPlanner,300,10,2.0,5,137.86783061698117,137.86783061698117,2.745656967163086,18756.578256068115,300
SeparateTravelingPlanner,300,10,2.0,5,119.43256634346076,119.43256634346076,2.6933891773223877,18694.125644031104,300
SeparateTravelingPlanner,300,10,2.0,5,110.56130145535673,110.56130145535673,2.564098358154297,17807.740014338884,300
SeparateTravelingPlanner,300,10,2.0,5,124.08092802133919,124.08092802133919,2.8018338680267334,17158.88282234902,300
SeparateTravelingPlanner,300,10,2.0,5,120.15351036578372,120.15351036578372,2.5530803203582764,16739.315060908666,300
SeparateTravelingPlanner,300,10,2.0,5,113.69263104241443,113.69263104241443,2.7998571395874023,18207.944592805477,300
SeparateTravelingPlanner,300,10,2.0,5,132.71339797000172,132.71339797000172,2.5370569229125977,18620.091625490797,300
SeparateTravelingPlanner,300,10,2.0,5,112.39796670331043,112.39796670331043,2.8495025634765625,17736.96535499453,300
SeparateTravelingPlanner,300,10,2.0,5,135.2563996928459,135.2563996928459,2.5150463581085205,18680.328460816065,300
SeparateTravelingPlanner,300,10,2.0,5,113.3408595137472,113.3408595137472,2.929481267929077,16863.005581349542,300
SeparateTravelingPlanner,300,10,2.0,5,129.4260256530828,129.4260256530828,2.616325855255127,18510.990687183792,300
SeparateTravelingPlanner,300,10,2.0,5,111.28076487497245,111.28076487497245,2.801177978515625,17465.889625521686,300
SeparateTravelingPlanner,300,10,2.0,5,121.38252720722231,121.38252720722231,2.643136978149414,18548.099461281658,300
SeparateTravelingPlanner,300,10,2.0,5,128.06520190430228,128.06520190430228,2.783672332763672,17121.11159890108,300
SeparateTravelingPlanner,300,10,2.0,5,118.45839278676874,118.45839278676874,2.65962553024292,17494.169180139485,300
SeparateTravelingPlanner,300,10,2.0,5,125.42435317924783,125.42435317924783,2.5676445960998535,18276.02599060715,300
SeparateTravelingPlanner,300,10,2.0,5,112.41236663815354,112.41236663815354,2.5847866535186768,16880.723024551044,300
SeparateTravelingPlanner,300,5,2.0,10,122.05869310991915,122.05869310991915,6.099276781082153,20090.95577240851,300
SeparateTravelingPlanner,300,5,2.0,10,110.52036441321792,110.52036441321792,6.233615875244141,17506.325290531182,300
SeparateTravelingPlanner,300,5,2.0,10,107.96787309029058,107.96787309029058,5.9226415157318115,16881.823180865013,300
SeparateTravelingPlanner,300,5,2.0,10,161.99847079183147,161.99847079183147,5.891812562942505,21288.04939659735,300
SeparateTravelingPlanner,300,5,2.0,10,115.61566402175933,115.61566402175933,6.295121669769287,19382.053387300377,300
SeparateTravelingPlanner,300,5,2.0,10,115.35060684244391,115.35060684244391,6.045973062515259,18180.48434381999,300
SeparateTravelingPlanner,300,5,2.0,10,114.77196628141749,114.77196628141749,5.966322898864746,17203.054894817837,300
SeparateTravelingPlanner,300,5,2.0,10,113.99856501477565,113.99856501477565,6.250025987625122,17672.958221574285,300
SeparateTravelingPlanner,300,5,2.0,10,119.57329650232248,119.57329650232248,5.775232315063477,19055.27757645774,300
SeparateTravelingPlanner,300,5,2.0,10,110.07225838404734,110.07225838404734,6.268161296844482,17427.809948913207,300
SeparateTravelingPlanner,300,5,2.0,10,110.22111240429068,110.22111240429068,6.236394166946411,17175.390136625072,300
SeparateTravelingPlanner,300,5,2.0,10,109.61405808117739,109.61405808117739,5.826092004776001,17346.426503799004,300
SeparateTravelingPlanner,300,5,2.0,10,123.64281100457791,123.64281100457791,5.995845556259155,18002.923097178846,300
SeparateTravelingPlanner,300,5,2.0,10,125.2574344559296,125.2574344559296,6.071030378341675,19796.663137931988,300
SeparateTravelingPlanner,300,5,2.0,10,138.62322760162806,138.62322760162806,6.206688642501831,19152.195653126662,300
SeparateTravelingPlanner,300,5,2.0,10,109.16404764641756,109.16404764641756,5.984983205795288,17687.84501803261,300
SeparateTravelingPlanner,300,5,2.0,10,118.38629407818323,118.38629407818323,6.505611896514893,17633.45448987881,300
SeparateTravelingPlanner,300,5,2.0,10,127.73437009345946,127.73437009345946,6.023292064666748,18054.572328249313,300
SeparateTravelingPlanner,300,5,2.0,10,130.5258517048447,130.5258517048447,6.147237777709961,19949.246194361916,300
SeparateTravelingPlanner,300,5,2.0,10,118.14503053584566,118.14503053584566,5.919345378875732,19206.186669179166,300
SeparateTravelingPlanner,300,5,2.0,10,119.04154002954881,119.04154002954881,6.53977370262146,18716.48634569945,300
SeparateTravelingPlanner,300,5,2.0,10,107.25395530286222,107.25395530286222,5.868367671966553,17193.339687527823,300
SeparateTravelingPlanner,300,5,2.0,10,125.76930842621272,125.76930842621272,6.4158408641815186,18222.76716079328,300
SeparateTravelingPlanner,300,5,2.0,10,140.53853367051255,140.53853367051255,6.126101016998291,19669.885300632086,300
SeparateTravelingPlanner,300,5,2.0,10,111.91956702308228,111.91956702308228,6.128925561904907,17519.290161831726,300
SeparateTravelingPlanner,300,5,2.0,10,122.27421742948485,122.27421742948485,5.864567756652832,19180.375666004147,300
SeparateTravelingPlanner,300,5,2.0,10,125.35594057775019,125.35594057775019,5.973062038421631,17328.80623362335,300
SeparateTravelingPlanner,300,5,2.0,10,105.72944073930395,105.72944073930395,5.777559757232666,16613.47338174053,300
SeparateTravelingPlanner,300,5,2.0,10,116.82730372690087,116.82730372690087,6.20711350440979,17797.84056329916,300
SeparateTravelingPlanner,300,5,2.0,10,125.20018564919235,125.20018564919235,6.269370079040527,17963.531510485147,300
SeparateTravelingPlanner,300,4,2.0,15,124.03058360168191,124.03058360168191,8.196139812469482,19904.832546879228,300
SeparateTravelingPlanner,300,4,2.0,15,109.03771928010585,109.03771928010585,8.384046792984009,17232.773534704967,300
SeparateTravelingPlanner,300,4,2.0,15,110.83067452569401,110.83067452569401,8.27921462059021,17031.699250001533,300
SeparateTravelingPlanner,300,4,2.0,15,131.1691563100485,131.1691563100485,8.256667613983154,22656.621175762513,300
SeparateTravelingPlanner,300,4,2.0,15,122.689490899808,122.689490899808,8.651101112365723,20605.5058495187,300
SeparateTravelingPlanner,300,4,2.0,15,111.65353763226398,111.65353763226398,8.332294225692749,17889.777975276345,300
SeparateTravelingPlanner,300,4,2.0,15,112.27116570117714,112.27116570117714,7.940385341644287,17049.00658123089,300
SeparateTravelingPlanner,300,4,2.0,15,115.59897995542478,115.59897995542478,8.49277114868164,17702.924155278975,300
SeparateTravelingPlanner,300,4,2.0,15,111.4168849029764,111.4168849029764,8.105210781097412,18067.53966284629,300
SeparateTravelingPlanner,300,4,2.0,15,110.74002774959614,110.74002774959614,8.706573963165283,17599.52650759546,300
SeparateTravelingPlanner,300,4,2.0,15,111.61266660321812,111.61266660321812,8.293691635131836,18012.14565631324,300
SeparateTravelingPlanner,300,4,2.0,15,114.49794382215359,114.49794382215359,8.486266136169434,18601.97845104757,300
SeparateTravelingPlanner,300,4,2.0,15,110.2851646921483,110.2851646921483,8.192251920700073,17832.23866445585,300
SeparateTravelingPlanner,300,4,2.0,15,121.12991501003427,121.12991501003427,8.381342887878418,19549.28990266916,300
SeparateTravelingPlanner,300,4,2.0,15,134.32358590003778,134.32358590003778,8.776868343353271,21545.100466944663,300
SeparateTravelingPlanner,300,4,2.0,15,116.00825604249025,116.00825604249025,8.27682375907898,17969.394214725995,300
SeparateTravelingPlanner,300,4,2.0,15,114.12900789596911,114.12900789596911,8.108021020889282,17730.56901421706,300
SeparateTravelingPlanner,300,4,2.0,15,123.56468713643784,123.56468713643784,7.8814496994018555,18375.923382141533,300
SeparateTravelingPlanner,300,4,2.0,15,128.05318759080853,128.05318759080853,8.23306918144226,20166.44083803446,300
SeparateTravelingPlanner,300,4,2.0,15,114.54308389319928,114.54308389319928,7.996295213699341,18550.32423491537,300
SeparateTravelingPlanner,300,4,2.0,15,140.78281861108877,140.78281861108877,9.00014042854309,20019.758281758746,300
SeparateTravelingPlanner,300,4,2.0,15,113.37576387667647,113.37576387667647,8.101115942001343,18334.603813282254,300
SeparateTravelingPlanner,300,4,2.0,15,129.00592262279525,129.00592262279525,9.27108359336853,19550.029222442972,300
SeparateTravelingPlanner,300,4,2.0,15,136.31428476141667,136.31428476141667,8.762741804122925,19565.878408241348,300
SeparateTravelingPlanner,300,4,2.0,15,109.43237351016452,109.43237351016452,8.068141222000122,17655.849270408595,300
SeparateTravelingPlanner,300,4,2.0,15,125.0063609892363,125.0063609892363,8.16631531715393,19839.060187099938,300
SeparateTravelingPlanner,300,4,2.0,15,119.98470451050439,119.98470451050439,8.01647138595581,16929.169508227416,300
SeparateTravelingPlanner,300,4,2.0,15,105.98056143478061,105.98056143478061,8.334182262420654,16682.79189064549,300
SeparateTravelingPlanner,300,4,2.0,15,116.03754797112009,116.03754797112009,8.805813074111938,17811.406839506308,300
SeparateTravelingPlanner,300,4,2.0,15,112.6222863921352,112.6222863921352,8.217467784881592,17634.54756745976,300
TravelingLinePlanner,300,17,2.0,3,112.16991246195995,112.16991246195995,54.405335903167725,18489.7608945472,300
TravelingLinePlanner,300,17,2.0,3,109.82100365205837,109.82100365205837,53.0783588886261,18346.700810641803,300
TravelingLinePlanner,300,17,2.0,3,117.5979706161825,117.5979706161825,52.39885711669922,20527.876729810163,300
TravelingLinePlanner,300,17,2.0,3,115.16390668015885,115.16390668015885,51.94953012466431,19327.61197686281,300
TravelingLinePlanner,300,17,2.0,3,115.08766063868183,115.08766063868183,51.666433334350586,19888.995072678943,300
TravelingLinePlanner,300,17,2.0,3,111.51276034712465,111.51276034712465,53.66896057128906,18287.475155618642,300
TravelingLinePlanner,300,17,2.0,3,111.02105913642818,111.02105913642818,51.90963792800903,18119.894047461516,300
TravelingLinePlanner,300,17,2.0,3,110.59297628214458,110.59297628214458,51.52664804458618,18476.736351003805,300
TravelingLinePlanner,300,17,2.0,3,123.5177955181102,123.5177955181102,51.32082533836365,22643.76597901372,300
TravelingLinePlanner,300,17,2.0,3,113.98850702557573,113.98850702557573,52.04318356513977,19318.911664173047,300
TravelingLinePlanner,300,17,2.0,3,114.1597460769424,114.1597460769424,51.806471824645996,19766.978902809275,300
TravelingLinePlanner,300,17,2.0,3,109.0579105697496,109.0579105697496,51.46179747581482,18013.494093783873,300
TravelingLinePlanner,300,17,2.0,3,113.68053987827494,113.68053987827494,51.88517355918884,19355.709938556312,300
TravelingLinePlanner,300,17,2.0,3,115.57570571507986,115.57570571507986,53.4876914024353,19926.325432607755,300
TravelingLinePlanner,300,17,2.0,3,113.53121236628431,113.53121236628431,64.87937688827515,19365.222574630105,300
TravelingLinePlanner,300,17,2.0,3,117.76931499019311,117.76931499019311,51.90849256515503,20906.8453479612,300
TravelingLinePlanner,300,17,2.0,3,108.8111812911111,108.8111812911111,50.868430614471436,17203.0951799052,300
TravelingLinePlanner,300,17,2.0,3,107.29861316687345,107.29861316687345,51.25494313240051,17087.960548833995,300
TravelingLinePlanner,300,17,2.0,3,111.52720400692313,111.52720400692313,51.00754165649414,18951.46302147223,300
TravelingLinePlanner,300,17,2.0,3,116.2240952058498,116.2240952058498,52.24976468086243,19795.655667619158,300
TravelingLinePlanner,300,17,2.0,3,119.66939784595364,119.66939784595364,51.933955669403076,20897.87685090513,300
TravelingLinePlanner,300,17,2.0,3,116.76327645399694,116.76327645399694,52.218666791915894,20041.021150003122,300
TravelingLinePlanner,300,17,2.0,3,112.19381539192841,112.19381539192841,51.938350677490234,18309.228153281725,300
TravelingLinePlanner,300,17,2.0,3,114.09674458033386,114.09674458033386,52.1249737739563,19282.761710352414,300
TravelingLinePlanner,300,17,2.0,3,116.13173815655826,116.13173815655826,52.62739133834839,20526.830429188733,300
TravelingLinePlanner,300,17,2.0,3,117.88742212544845,117.88742212544845,50.52076268196106,20500.205305615196,300
TravelingLinePlanner,300,17,2.0,3,116.0467731592249,116.0467731592249,51.53340697288513,18892.448560403216,300
TravelingLinePlanner,300,17,2.0,3,107.29315820294002,107.29315820294002,51.619446754455566,17736.355044104515,300
TravelingLinePlanner,300,17,2.0,3,110.27390632823469,110.27390632823469,51.31474447250366,18375.73041476574,300
TravelingLinePlanner,300,17,2.0,3,111.50511675139998,111.50511675139998,52.209978103637695,18400.407598270856,300
TravelingLinePlanner,300,10,2.0,5,114.49955106156297,114.49955106156297,53.0012891292572,19188.652474428105,300
TravelingLinePlanner,300,10,2.0,5,118.79571106062839,118.79571106062839,51.82142400741577,21039.113033212805,300
TravelingLinePlanner,300,10,2.0,5,113.8210630338712,113.8210630338712,51.97297406196594,19394.804455116777,300
TravelingLinePlanner,300,10,2.0,5,125.02013213816232,125.02013213816232,51.705788135528564,22284.47961426385,300
TravelingLinePlanner,300,10,2.0,5,114.67963909562344,114.67963909562344,51.586345195770264,19766.588609761435,300
TravelingLinePlanner,300,10,2.0,5,113.85934427904762,113.85934427904762,50.822718381881714,18991.450335195535,300
TravelingLinePlanner,300,10,2.0,5,116.6126876452827,116.6126876452827,51.060455560684204,19797.382600117875,300
TravelingLinePlanner,300,10,2.0,5,112.28530942291461,112.28530942291461,52.39542031288147,18984.436293234816,300
TravelingLinePlanner,300,10,2.0,5,115.43835495626902,115.43835495626902,52.42356753349304,20219.93381046137,300
TravelingLinePlanner,300,10,2.0,5,113.04918940840012,113.04918940840012,51.78040075302124,19037.116379020365,300
TravelingLinePlanner,300,10,2.0,5,111.95442824925266,111.95442824925266,51.61221361160278,19105.383554502354,300
TravelingLinePlanner,300,10,2.0,5,111.51305744496548,111.51305744496548,51.911860942840576,18750.038156348644,300
TravelingLinePlanner,300,10,2.0,5,116.08761641682334,116.08761641682334,52.54971265792847,20077.832900120837,300
TravelingLinePlanner,300,10,2.0,5,124.82973266862926,124.82973266862926,51.67684245109558,22702.533518672575,300
TravelingLinePlanner,300,10,2.0,5,119.62134476991619,119.62134476991619,51.99113607406616,21192.262295719673,300
TravelingLinePlanner,300,10,2.0,5,113.36971841934731,113.36971841934731,51.685546875,19586.96637670746,300
TravelingLinePlanner,300,10,2.0,5,117.30763626317355,117.30763626317355,51.40012192726135,19752.03167152394,300
TravelingLinePlanner,300,10,2.0,5,109.102747166575,109.102747166575,51.59139370918274,17629.200748744457,300
TravelingLinePlanner,300,10,2.0,5,118.58363761951338,118.58363761951338,51.436647176742554,21068.393105249306,300
TravelingLinePlanner,300,10,2.0,5,124.5271164616134,124.5271164616134,52.08670377731323,22286.562044348233,300
TravelingLinePlanner,300,10,2.0,5,112.73356430675844,112.73356430675844,52.39957118034363,18817.126789146572,300
TravelingLinePlanner,300,10,2.0,5,120.97537291056524,120.97537291056524,51.13019418716431,21304.650086973612,300
TravelingLinePlanner,300,10,2.0,5,113.02325519717648,113.02325519717648,50.98309803009033,18558.06009485615,300
TravelingLinePlanner,300,10,2.0,5,120.27553318024049,120.27553318024049,52.25777244567871,21136.3982903244,300
TravelingLinePlanner,300,10,2.0,5,112.43710024786587,112.43710024786587,53.519978523254395,19418.439056581017,300
TravelingLinePlanner,300,10,2.0,5,123.06229207788621,123.06229207788621,51.466482162475586,22052.666291346522,300
TravelingLinePlanner,300,10,2.0,5,124.53499668484127,124.53499668484127,51.684301137924194,21438.915618088122,300
TravelingLinePlanner,300,10,2.0,5,111.72726682272784,111.72726682272784,52.181249380111694,19066.58763004086,300
TravelingLinePlanner,300,10,2.0,5,121.95400658604797,121.95400658604797,51.9407958984375,21879.760492109734,300
TravelingLinePlanner,300,10,2.0,5,113.55916604884932,113.55916604884932,51.59633278846741,19016.62238750566,300
TravelingLinePlanner,300,5,2.0,10,122.50640801075053,122.50640801075053,51.537259578704834,21590.709559184375,300
TravelingLinePlanner,300,5,2.0,10,108.65557874533454,108.65557874533454,51.37277102470398,17997.073338624654,300
TravelingLinePlanner,300,5,2.0,10,110.17018519071598,110.17018519071598,51.424779653549194,18299.54110217021,300
TravelingLinePlanner,300,5,2.0,10,128.49775707682872,128.49775707682872,50.9014675617218,23327.76709586377,300
TravelingLinePlanner,300,5,2.0,10,116.41711419022778,116.41711419022778,50.71487212181091,20287.831138142734,300
TravelingLinePlanner,300,5,2.0,10,117.28756273949489,117.28756273949489,51.13200926780701,20019.915873329715,300
TravelingLinePlanner,300,5,2.0,10,113.79153653709608,113.79153653709608,51.14561319351196,18951.037267661886,300
TravelingLinePlanner,300,5,2.0,10,114.58838928341132,114.58838928341132,51.21615242958069,19675.360251383827,300
TravelingLinePlanner,300,5,2.0,10,120.42794263006188,120.42794263006188,50.90325903892517,21716.810112599225,300
TravelingLinePlanner,300,5,2.0,10,110.24399499438127,110.24399499438127,50.77849268913269,18195.558054814708,300
TravelingLinePlanner,300,5,2.0,10,111.82099052302263,111.82099052302263,50.71644043922424,19065.352236633338,300
TravelingLinePlanner,300,5,2.0,10,110.16277481178,110.16277481178,51.05806040763855,18344.953366393,300
TravelingLinePlanner,300,5,2.0,10,113.45627214480498,113.45627214480498,51.019697189331055,19288.42961851533,300
TravelingLinePlanner,300,5,2.0,10,127.58994161411454,127.58994161411454,51.20284605026245,23530.59620231815,300
TravelingLinePlanner,300,5,2.0,10,124.86625852782072,124.86625852782072,51.11899542808533,22765.736423091024,300
TravelingLinePlanner,300,5,2.0,10,110.93167518717102,110.93167518717102,50.962669134140015,18855.553407054573,300
TravelingLinePlanner,300,5,2.0,10,120.16687199849558,120.16687199849558,50.41467022895813,20609.80239212055,300
TravelingLinePlanner,300,5,2.0,10,118.74398962861558,118.74398962861558,50.74913048744202,20521.573487356633,300
TravelingLinePlanner,300,5,2.0,10,123.88321924766305,123.88321924766305,50.81844139099121,22658.267593694203,300
TravelingLinePlanner,300,5,2.0,10,121.73691466384355,121.73691466384355,50.95546364784241,21449.501505017273,300
TravelingLinePlanner,300,5,2.0,10,119.4943141637003,119.4943141637003,50.61162495613098,20845.351746229127,300
TravelingLinePlanner,300,5,2.0,10,110.97866605212494,110.97866605212494,57.481075286865234,18305.63802944152,300
TravelingLinePlanner,300,5,2.0,10,120.97611538727037,120.97611538727037,55.638083696365356,20943.918151884307,300
TravelingLinePlanner,300,5,2.0,10,123.11358877237066,123.11358877237066,54.17839288711548,21987.814967963455,300
TravelingLinePlanner,300,5,2.0,10,112.05591063901417,112.05591063901417,63.36653399467468,19304.082173925504,300
TravelingLinePlanner,300,5,2.0,10,125.15393120016905,125.15393120016905,65.5421576499939,22680.158028031376,300
TravelingLinePlanner,300,5,2.0,10,121.76842916433574,121.76842916433574,59.7639946937561,20608.94536193646,300
TravelingLinePlanner,300,5,2.0,10,108.10334752784418,108.10334752784418,66.32785749435425,17979.411841575762,300
TravelingLinePlanner,300,5,2.0,10,119.0901442227031,119.0901442227031,61.28348469734192,21020.60178310626,300
TravelingLinePlanner,300,5,2.0,10,115.36894909118449,115.36894909118449,60.47842741012573,19559.557300206212,300
TravelingLinePlanner,300,4,2.0,15,121.08326271054679,121.08326271054679,65.85437488555908,21163.76596912325,300
TravelingLinePlanner,300,4,2.0,15,110.07904147298444,110.07904147298444,60.850980043411255,18424.112156919626,300
TravelingLinePlanner,300,4,2.0,15,111.59812602226377,111.59812602226377,59.684948682785034,18727.92335163455,300
TravelingLinePlanner,300,4,2.0,15,131.7309963709611,131.7309963709611,60.53754782676697,24297.73888410348,300
TravelingLinePlanner,300,4,2.0,15,126.36347937069439,126.36347937069439,58.80748152732849,23271.740692282725,300
TravelingLinePlanner,300,4,2.0,15,114.97670826408023,114.97670826408023,59.592811822891235,19326.659530705318,300
TravelingLinePlanner,300,4,2.0,15,112.35785335235032,112.35785335235032,67.82644510269165,18520.932312238157,300
TravelingLinePlanner,300,4,2.0,15,112.43497743170036,112.43497743170036,55.07832717895508,19029.336695870537,300
TravelingLinePlanner,300,4,2.0,15,111.52369149783361,111.52369149783361,61.2152054309845,19045.534772930743,300
TravelingLinePlanner,300,4,2.0,15,111.6430571163672,111.6430571163672,69.4111099243164,18615.27669141049,300
TravelingLinePlanner,300,4,2.0,15,113.23230663583891,113.23230663583891,62.574609994888306,19488.74707047822,300
TravelingLinePlanner,300,4,2.0,15,114.32870372858072,114.32870372858072,58.92255187034607,19594.732041433213,300
TravelingLinePlanner,300,4,2.0,15,110.57158924744195,110.57158924744195,58.72533440589905,18423.024749306416,300
TravelingLinePlanner,300,4,2.0,15,123.4624221682192,123.4624221682192,56.89696764945984,22292.340368549558,300
TravelingLinePlanner,300,4,2.0,15,131.99128197393242,131.99128197393242,60.232707023620605,24903.24345692453,300
TravelingLinePlanner,300,4,2.0,15,117.66201608078464,117.66201608078464,56.3726749420166,20874.655675138652,300
TravelingLinePlanner,300,4,2.0,15,115.88069512862003,115.88069512862003,60.36034822463989,19323.94933115788,300
TravelingLinePlanner,300,4,2.0,15,123.8851570145618,123.8851570145618,58.945791721343994,22063.923703140495,300
TravelingLinePlanner,300,4,2.0,15,128.49864704658867,128.49864704658867,56.96339797973633,24042.895933371896,300
TravelingLinePlanner,300,4,2.0,15,114.19994434138867,114.19994434138867,53.97568416595459,19188.410408280815,300
TravelingLinePlanner,300,4,2.0,15,129.43169177325996,129.43169177325996,52.92526388168335,23826.565029097033,300
TravelingLinePlanner,300,4,2.0,15,113.8189691420728,113.8189691420728,53.22827100753784,19157.72895642588,300
TravelingLinePlanner,300,4,2.0,15,130.73241617974332,130.73241617974332,53.26253366470337,23870.808389626203,300
TravelingLinePlanner,300,4,2.0,15,123.99503321011964,123.99503321011964,61.698176860809326,22252.248299288145,300
TravelingLinePlanner,300,4,2.0,15,108.7668815654662,108.7668815654662,58.83055305480957,18317.373451861116,300
TravelingLinePlanner,300,4,2.0,15,127.60713312870104,127.60713312870104,58.067461252212524,23416.11860659097,300
TravelingLinePlanner,300,4,2.0,15,120.39696712280309,120.39696712280309,54.14474582672119,20197.50674947667,300
TravelingLinePlanner,300,4,2.0,15,109.53251007816603,109.53251007816603,55.44181966781616,18408.160606672318,300
TravelingLinePlanner,300,4,2.0,15,117.55396104035236,117.55396104035236,56.49801325798035,20559.74682840104,300
TravelingLinePlanner,300,4,2.0,15,113.853087884759,113.853087884759,57.09329056739807,19104.798938278567,300
