planner,num_agents,num_robots,f,d,sigma,active_time,planner_time,damage,num_disabled
StochasticAdditive5LackPlanner,50,5,2.0,5,0.1,202.09555254954583,17.35529112815857,4769.732709233103,76.0
StochasticAdditive5LackPlanner,50,5,2.0,5,0.1,227.92351233722593,16.175058364868164,6822.153815053131,68.0
StochasticAdditive5LackPlanner,50,5,2.0,5,0.1,200.19576145728684,17.215872049331665,5530.293268896405,67.0
StochasticAdditive5LackPlanner,100,5,2.0,5,0.1,220.21221339447413,75.54936861991882,16481.261586238314,97.0
StochasticAdditive5LackPlanner,100,5,2.0,5,0.1,227.39072040472314,75.65246796607971,15934.95160922943,105.0
StochasticAdditive5LackPlanner,100,5,2.0,5,0.1,235.16707043610128,73.36613130569458,15760.290943491302,107.0
StochasticAdditive5LackPlanner,200,5,2.0,5,0.1,224.96747930380732,417.5003273487091,37989.62468074724,146.0
StochasticStaticLackPlanner,50,5,2.0,5,0.1,169.0873368903246,193.4613800048828,4888.930167163054,55.992000000000004
StochasticStaticLackPlanner,50,5,2.0,5,0.1,139.0,1.4628729820251465,5603.0,41.0
StochasticStaticLackPlanner,100,5,2.0,5,0.1,139.0,3.199596643447876,14748.0,65.0
StochasticStaticLackPlanner,200,5,2.0,5,0.1,139.0,8.079463243484497,34206.0,99.0
StochasticStaticLackPlanner,300,5,2.0,5,0.1,139.0,16.089929819107056,55807.0,120.0
StochasticStaticLackPlanner,400,5,2.0,5,0.1,140.0,23.960111379623413,76329.8,145.99499999999998
StochasticStaticLackPlanner,500,5,2.0,5,0.1,140.0,36.67266392707825,98651.96,162.99399999999997
StochasticStaticLackPlanner,600,5,2.0,5,0.1,140.0,63.84288048744202,120983.64,181.996
StochasticStaticLackPlanner,700,5,2.0,5,0.1,140.0,74.97469902038574,144046.16,193.999
StochasticStaticLackPlanner,800,5,2.0,5,0.1,140.0,99.42882013320923,166633.16,208.999
StochasticStaticLackPlanner,900,5,2.0,5,0.1,140.0,115.43880105018616,190163.64,216.99599999999998
StochasticStaticLackPlanner,1000,5,2.0,5,0.1,140.0,129.72701811790466,214062.96,224.994
StochasticIterativePlanner,50,5,2.0,5,1,140.69795777121618,0.10352182388305664,7699.630707127549,24.009999999999998
StochasticIterativePlanner,50,5,2.0,5,1,191.42463783445237,0.1154317855834961,7938.401425738168,23.412
StochasticIterativePlanner,50,5,2.0,5,1,152.78142375481218,0.11152911186218262,8083.741039655704,22.767
StochasticIterativePlanner,100,5,2.0,5,1,205.76929654144246,0.5043883323669434,17130.515956850893,44.50699999999998
StochasticIterativePlanner,100,5,2.0,5,1,202.0458263068025,0.3928859233856201,16301.118345877983,46.29999999999999
StochasticIterativePlanner,100,5,2.0,5,1,189.11403842829566,0.42534422874450684,15907.320099962173,47.07499999999999
StochasticIterativePlanner,200,5,2.0,5,1,210.93904394273827,1.6653246879577637,35123.26283627248,83.9480000000001
StochasticIterativePlanner,200,5,2.0,5,1,221.2951508460285,1.6140305995941162,36399.40078917323,77.56700000000009
StochasticIterativePlanner,200,5,2.0,5,1,207.23436625673324,1.5258512496948242,35097.92563949007,83.833
StochasticIterativePlanner,300,5,2.0,5,1,215.70653644933495,3.373246908187866,55327.048837763556,109.94100000000009
StochasticIterativePlanner,300,5,2.0,5,1,221.93107459471057,3.2988550662994385,55333.253154159276,109.302
StochasticIterativePlanner,300,5,2.0,5,1,224.66435663893304,3.3849329948425293,55600.10000945865,107.57699999999997
StochasticIterativePlanner,400,5,2.0,5,1,227.39953464988417,5.842296123504639,75188.75950521394,133.624
StochasticIterativePlanner,400,5,2.0,5,1,224.87177893186157,5.57550311088562,76339.96816279409,131.98300000000012
StochasticIterativePlanner,400,5,2.0,5,1,229.63035062122245,5.543379545211792,77371.39792229823,125.84400000000008
StochasticIterativePlanner,500,5,2.0,5,1,231.31380357059047,8.48707127571106,96932.53775019626,151.09399999999968
StochasticIterativePlanner,500,5,2.0,5,1,243.31329872649772,8.312077045440674,99457.85485641655,139.832
StochasticIterativePlanner,500,5,2.0,5,1,234.82378834997897,8.660712480545044,98316.04582423795,149.04199999999983
StochasticIterativePlanner,600,5,2.0,5,1,236.91772401855872,11.565770626068115,118569.0614828247,170.27099999999973
StochasticIterativePlanner,600,5,2.0,5,1,239.33076381504333,11.74713397026062,118732.99083021218,170.04699999999983
StochasticIterativePlanner,600,5,2.0,5,1,239.88513698758211,11.950320959091187,117962.45630398896,176.9969999999998
StochasticIterativePlanner,700,5,2.0,5,1,238.3948391691917,15.246567010879517,140968.5991666185,189.64300000000006
StochasticIterativePlanner,700,5,2.0,5,1,240.04842842581215,15.232728004455566,142241.8071397488,178.3699999999999
StochasticIterativePlanner,700,5,2.0,5,1,242.86318710796942,15.20883059501648,142477.56473499374,180.5379999999996
StochasticIterativePlanner,800,5,2.0,5,1,249.8723213890005,19.75619101524353,163773.47446847847,201.2019999999999
StochasticIterativePlanner,800,5,2.0,5,1,240.295467480058,20.76209592819214,163672.1401529028,197.29099999999988
StochasticIterativePlanner,800,5,2.0,5,1,248.2947180171943,20.08189344406128,163864.64206762984,195.4889999999999
StochasticIterativePlanner,900,5,2.0,5,1,242.92000299306068,23.73972249031067,184291.41259509436,221.41199999999984
StochasticIterativePlanner,900,5,2.0,5,1,249.97370544835707,23.467386484146118,185081.90059527342,218.30399999999995
StochasticIterativePlanner,900,5,2.0,5,1,249.96934447064098,24.006988525390625,186274.37209205504,213.67499999999973
StochasticIterativePlanner,1000,5,2.0,5,1,250.65041194373993,27.48575234413147,208616.42503515084,227.67799999999986
StochasticIterativePlanner,1000,5,2.0,5,1,249.90908278810232,28.53756809234619,210140.27549436878,217.32499999999987
StochasticIterativePlanner,1000,5,2.0,5,1,252.7043080407787,28.093602180480957,206404.6827161683,230.62999999999988
StochasticIterativePlanner,50,5,2.0,5,1,140.69795777121618,0.1148681640625,7699.630707127549,24.009999999999998
StochasticIterativePlanner,100,5,2.0,5,1,205.76929654144246,0.40784406661987305,17130.515956850893,44.50699999999998
StochasticIterativePlanner,200,5,2.0,5,1,210.93904394273827,1.609250783920288,35123.26283627248,83.9480000000001
StochasticIterativePlanner,300,5,2.0,5,1,215.70653644933495,3.4285573959350586,55327.048837763556,109.94100000000009
StochasticIterativePlanner,400,5,2.0,5,1,227.39953464988417,6.153347015380859,75188.75950521394,133.624
StochasticIterativePlanner,500,5,2.0,5,1,231.31380357059047,10.609367847442627,96932.53775019626,151.09399999999968
StochasticIterativePlanner,600,5,2.0,5,1,236.91772401855872,11.455098390579224,118569.0614828247,170.27099999999973
StochasticIterativePlanner,700,5,2.0,5,1,238.3948391691917,15.815918207168579,140968.5991666185,189.64300000000006
StochasticIterativePlanner,800,5,2.0,5,1,249.8723213890005,18.98304533958435,163773.47446847847,201.2019999999999
StochasticIterativePlanner,900,5,2.0,5,1,242.92000299306068,24.12632417678833,184291.41259509436,221.41199999999984
StochasticIterativePlanner,1000,5,2.0,5,1,250.65041194373993,27.632970333099365,208616.42503515084,227.67799999999986
StochasticAdditive5LackPlanner,50,5,2.0,5,1,139.0,1.3107960224151611,8061.240000000001,25.636
StochasticAdditive5LackPlanner,100,5,2.0,5,1,139.0,2.8512115478515625,17956.960000000003,44.943999999999996
StochasticAdditive5LackPlanner,200,5,2.0,5,1,140.0,5.790841102600098,38463.28,72.392
StochasticAdditive5LackPlanner,300,5,2.0,5,1,140.0,11.316855430603027,58835.32,101.07299999999998
StochasticAdditive5LackPlanner,400,5,2.0,5,1,140.0,13.054558992385864,80961.0,117.05000000000001
StochasticAdditive5LackPlanner,500,5,2.0,5,1,140.0,17.069961071014404,103324.12,133.79300000000006
StochasticAdditive5LackPlanner,600,5,2.0,5,1,140.0,21.062107801437378,126568.28,147.09200000000004
StochasticAdditive5LackPlanner,700,5,2.0,5,1,140.0,28.082008361816406,149303.12,161.14300000000006
StochasticAdditive5LackPlanner,800,5,2.0,5,1,140.0,33.41960167884827,174499.72,159.83300000000003
StochasticAdditive5LackPlanner,900,5,2.0,5,1,140.0,39.721030712127686,195180.12,185.64300000000006
StochasticAdditive5LackPlanner,1000,5,2.0,5,1,140.0,43.97180533409119,221698.48000000004,177.27200000000008
StochasticAdditive5LackPlanner,50,5,2.0,5,1,206.601597725223,10.755860805511475,7285.594127156264,51.631
StochasticAdditive5LackPlanner,100,5,2.0,5,1,203.18066993034802,56.52819299697876,17907.431753992576,74.57600000000001
StochasticMonotone15LackPlanner,50,8,2.0,5,1,106.99999999999997,0.328855037689209,3289.7591806140244,17.370000000000008
StochasticMonotone15LackPlanner,100,8,2.0,5,1,106.99999999999997,1.0075230598449707,10012.27102608314,26.17
StochasticMonotone15LackPlanner,200,8,2.0,5,1,109.99999999999999,3.2654011249542236,29053.85752741701,37.823000000000015
StochasticMonotone15LackPlanner,300,8,2.0,5,1,109.99999999999999,7.6371073722839355,49664.23413067833,45.696000000000005
StochasticMonotone15LackPlanner,400,8,2.0,5,1,109.99999999999999,11.470547914505005,71531.87551600883,51.885
StochasticMonotone15LackPlanner,500,8,2.0,5,1,109.99999999999999,17.271806955337524,92068.02282637943,58.86100000000001
StochasticMonotone15LackPlanner,600,8,2.0,5,1,109.99999999999999,23.912840127944946,114143.87696366638,64.458
StochasticMonotone15LackPlanner,50,5,1.5,5,1,107.00000000000003,0.5193560123443604,9059.38947729145,14.405
StochasticMonotone15LackPlanner,50,5,1.5,5,1,109.0,0.6831598281860352,9476.138515556953,12.817000000000002
StochasticMonotone15LackPlanner,50,5,1.5,5,1,108.00000000000001,1.4371719360351562,9068.532290162015,14.258
StochasticMonotone15LackPlanner,50,5,1.5,5,1,109.0,0.26706624031066895,9351.981167449962,14.414999999999996
StochasticMonotone15LackPlanner,50,5,1.5,5,1,107.00000000000003,0.37323856353759766,9824.015054443298,12.675999999999997
StochasticMonotone15LackPlanner,100,5,1.5,5,1,107.00000000000003,1.5801746845245361,20697.164824175066,19.995
StochasticMonotone15LackPlanner,100,5,1.5,5,1,109.0,0.9257793426513672,20572.710189367477,19.553999999999995
StochasticMonotone15LackPlanner,100,5,1.5,5,1,109.99999999999999,1.06490159034729,20167.84387652541,20.576
StochasticMonotone15LackPlanner,100,5,1.5,5,1,109.0,0.862011194229126,20702.83872962481,19.686000000000003
StochasticMonotone15LackPlanner,100,5,1.5,5,1,107.00000000000003,0.8749685287475586,21180.247855916838,19.068
StochasticMonotone15LackPlanner,200,5,1.5,5,1,109.99999999999999,3.8513829708099365,43496.40236451023,29.464999999999996
StochasticMonotone15LackPlanner,200,5,1.5,5,1,109.99999999999999,4.666700839996338,44069.94175977599,27.881999999999994
StochasticMonotone15LackPlanner,200,5,1.5,5,1,109.99999999999999,4.233025074005127,43509.443455576176,28.739
StochasticMonotone15LackPlanner,200,5,1.5,5,1,109.0,3.121110677719116,44110.787869888016,27.500000000000004
StochasticMonotone15LackPlanner,200,5,1.5,5,1,109.99999999999999,3.256594181060791,43616.254211611,28.865999999999996
StochasticMonotone15LackPlanner,300,5,1.5,5,1,109.99999999999999,6.4185380935668945,67461.01119632614,34.18600000000001
StochasticMonotone15LackPlanner,300,5,1.5,5,1,109.99999999999999,6.646333456039429,67627.56179003832,33.958000000000006
StochasticMonotone15LackPlanner,300,5,1.5,5,1,109.0,6.520544528961182,67421.860796844,33.40899999999999
StochasticMonotone15LackPlanner,300,5,1.5,5,1,109.0,6.499950885772705,68080.6949410233,32.951
StochasticMonotone15LackPlanner,300,5,1.5,5,1,109.99999999999999,6.980916261672974,67407.66083807393,34.45799999999998
StochasticMonotone15LackPlanner,400,5,1.5,5,1,109.99999999999999,12.163522005081177,91248.60515213969,38.453
StochasticMonotone15LackPlanner,400,5,1.5,5,1,109.99999999999999,11.657708644866943,91161.78415289243,38.784000000000006
StochasticMonotone15LackPlanner,400,5,1.5,5,1,109.0,12.208831071853638,91014.52453731722,39.352
StochasticMonotone15LackPlanner,400,5,1.5,5,1,109.99999999999999,11.605749130249023,91705.51251162316,38.663
StochasticMonotone15LackPlanner,400,5,1.5,5,1,109.99999999999999,12.001406192779541,91486.38722328524,40.385999999999974
StochasticMonotone15LackPlanner,500,5,1.5,5,1,110.0,19.03663921356201,115392.78553794588,42.62700000000001
StochasticMonotone15LackPlanner,500,5,1.5,5,1,109.99999999999999,18.86703848838806,114872.02705475969,43.94900000000002
StochasticMonotone15LackPlanner,500,5,1.5,5,1,109.99999999999999,19.174567937850952,115025.28953648443,43.998
StochasticMonotone15LackPlanner,500,5,1.5,5,1,109.99999999999999,17.85016703605652,116297.74768732968,42.658
StochasticMonotone15LackPlanner,500,5,1.5,5,1,109.99999999999999,18.252617120742798,115304.02678832617,44.303000000000004
StochasticMonotone15LackPlanner,600,5,1.5,5,1,109.99999999999999,25.8223614692688,139863.45839957386,46.665
StochasticMonotone15LackPlanner,600,5,1.5,5,1,109.99999999999999,26.349841117858887,139353.3746490669,47.805000000000014
StochasticMonotone15LackPlanner,600,5,1.5,5,1,109.99999999999999,27.19957685470581,139334.42508062455,47.853000000000016
StochasticMonotone15LackPlanner,600,5,1.5,5,1,109.99999999999999,25.902648448944092,140500.9797509091,45.781
StochasticMonotone15LackPlanner,600,5,1.5,5,1,109.99999999999999,27.001280784606934,139256.0369601371,49.372999999999976
StochasticMonotone15LackPlanner,700,5,1.5,5,1,109.99999999999999,34.56486392021179,163917.30333393562,51.02000000000002
StochasticMonotone15LackPlanner,700,5,1.5,5,1,109.99999999999999,35.916489362716675,163128.88259884296,50.788999999999994
StochasticMonotone15LackPlanner,700,5,1.5,5,1,109.99999999999999,37.95871901512146,163152.15539749686,51.43399999999999
StochasticMonotone15LackPlanner,700,5,1.5,5,1,109.99999999999999,34.57732343673706,164536.59883813644,50.705000000000034
StochasticMonotone15LackPlanner,700,5,1.5,5,1,109.99999999999999,35.468356132507324,163092.20607662035,51.88999999999999
StochasticMonotone15LackPlanner,800,5,1.5,5,1,109.99999999999999,47.69796657562256,188017.9905980127,54.655
StochasticMonotone15LackPlanner,800,5,1.5,5,1,109.99999999999999,48.374401330947876,187058.16339633032,55.05599999999998
StochasticMonotone15LackPlanner,800,5,1.5,5,1,109.99999999999999,48.8667094707489,187732.16197621118,52.77999999999997
StochasticMonotone15LackPlanner,800,5,1.5,5,1,109.99999999999999,50.46102833747864,188891.04035993753,54.414
StochasticMonotone15LackPlanner,800,5,1.5,5,1,109.99999999999999,47.73681926727295,186789.21671075808,55.30399999999996
StochasticMonotone15LackPlanner,900,5,1.5,5,1,109.99999999999999,58.314040660858154,212134.5467696787,57.63900000000001
StochasticMonotone15LackPlanner,900,5,1.5,5,1,109.99999999999999,60.6387939453125,211412.69827270525,58.48600000000002
StochasticMonotone15LackPlanner,900,5,1.5,5,1,109.99999999999999,60.799866914749146,212445.7585543461,56.04599999999997
StochasticMonotone15LackPlanner,900,5,1.5,5,1,109.99999999999999,57.856080055236816,213695.0638547331,57.58599999999997
StochasticMonotone15LackPlanner,900,5,1.5,5,1,109.99999999999999,58.85467553138733,210949.49089293403,58.542000000000016
StochasticMonotone15LackPlanner,1000,5,1.5,5,1,109.99999999999999,75.69370007514954,237097.80931957165,58.650999999999996
StochasticMonotone15LackPlanner,1000,5,1.5,5,1,109.99999999999999,79.55336332321167,235420.6077251353,61.074000000000055
StochasticMonotone15LackPlanner,1000,5,1.5,5,1,109.99999999999999,77.72879266738892,236369.08730275018,59.53800000000002
StochasticMonotone15LackPlanner,1000,5,1.5,5,1,109.99999999999999,74.58328795433044,238264.83273441126,60.46299999999999
StochasticMonotone15LackPlanner,1000,5,1.5,5,1,109.99999999999999,73.09965181350708,235200.84224598692,60.14899999999998
StochasticMonotone20LackPlanner,50,5,1.5,5,1,107.0,0.3813188076019287,8473.444787655066,16.920999999999996
StochasticMonotone20LackPlanner,50,5,1.5,5,1,108.99999999999999,0.381166934967041,9071.870505532605,14.676999999999992
StochasticMonotone20LackPlanner,50,5,1.5,5,1,108.0,0.4993457794189453,8688.572048189033,15.853999999999996
StochasticMonotone20LackPlanner,50,5,1.5,5,1,108.99999999999999,0.30582618713378906,9032.387019702908,15.683
StochasticMonotone20LackPlanner,50,5,1.5,5,1,107.0,0.24999022483825684,9312.49886811419,14.883999999999995
StochasticMonotone20LackPlanner,100,5,1.5,5,1,107.0,1.6584951877593994,19748.755126348762,24.04999999999999
StochasticMonotone20LackPlanner,100,5,1.5,5,1,108.99999999999999,0.9998948574066162,19695.76134079847,23.23
StochasticMonotone20LackPlanner,100,5,1.5,5,1,110.0,1.1122078895568848,19605.563010586793,22.94300000000001
StochasticMonotone20LackPlanner,100,5,1.5,5,1,108.99999999999999,1.0997264385223389,20010.223537850572,22.87399999999999
StochasticMonotone20LackPlanner,100,5,1.5,5,1,107.0,1.0981934070587158,20436.493938257423,22.283
StochasticMonotone20LackPlanner,200,5,1.5,5,1,110.0,4.030987024307251,42589.44325877082,33.46399999999999
StochasticMonotone20LackPlanner,200,5,1.5,5,1,110.0,3.7495391368865967,42722.37410811664,33.20499999999999
StochasticMonotone20LackPlanner,200,5,1.5,5,1,110.0,4.016680002212524,42433.0697719904,33.28200000000001
StochasticMonotone20LackPlanner,200,5,1.5,5,1,108.99999999999999,3.7163546085357666,42464.12922829262,34.916999999999994
StochasticMonotone20LackPlanner,200,5,1.5,5,1,110.0,3.955214738845825,42614.62814077757,33.251000000000005
StochasticMonotone20LackPlanner,300,5,1.5,5,1,110.0,8.463884592056274,65810.01472556646,40.997000000000014
StochasticMonotone20LackPlanner,300,5,1.5,5,1,110.0,8.595392942428589,65912.54835172495,41.04600000000001
StochasticMonotone20LackPlanner,300,5,1.5,5,1,110.0,9.502583503723145,65997.90083138787,39.44399999999999
StochasticMonotone20LackPlanner,300,5,1.5,5,1,108.99999999999999,8.69743275642395,66041.73337204907,41.947
StochasticMonotone20LackPlanner,300,5,1.5,5,1,110.0,12.068788528442383,65453.632098531605,42.66399999999998
StochasticMonotone20LackPlanner,400,5,1.5,5,1,110.0,15.97181749343872,89173.30792487881,47.26100000000002
StochasticMonotone20LackPlanner,400,5,1.5,5,1,110.0,16.449896574020386,89154.98369916917,47.24500000000001
StochasticMonotone20LackPlanner,400,5,1.5,5,1,110.0,18.04288601875305,89276.21667489983,46.76200000000003
StochasticMonotone20LackPlanner,400,5,1.5,5,1,110.0,14.033003091812134,89589.37084984597,47.73300000000001
StochasticMonotone20LackPlanner,400,5,1.5,5,1,110.0,14.864339113235474,89047.30014312167,50.45099999999997
StochasticMonotone20LackPlanner,500,5,1.5,5,1,110.0,24.306137084960938,113034.65649617006,52.71899999999999
StochasticMonotone20LackPlanner,500,5,1.5,5,1,110.0,21.586073398590088,112470.70961278894,54.19000000000004
StochasticMonotone20LackPlanner,500,5,1.5,5,1,110.0,24.22269868850708,112647.62419502011,53.856000000000016
StochasticMonotone20LackPlanner,500,5,1.5,5,1,110.0,22.983460664749146,114078.327535153,52.18599999999999
StochasticMonotone20LackPlanner,500,5,1.5,5,1,110.0,23.133325815200806,113198.54316419599,52.918000000000006
StochasticMonotone20LackPlanner,600,5,1.5,5,1,110.0,33.120431423187256,137230.76478535173,58.031
StochasticMonotone20LackPlanner,600,5,1.5,5,1,110.0,31.362998485565186,136836.08551852166,58.40499999999999
StochasticMonotone20LackPlanner,600,5,1.5,5,1,110.0,32.79505920410156,136663.61499981434,59.08800000000002
StochasticMonotone20LackPlanner,600,5,1.5,5,1,110.0,30.57172989845276,137729.42915792885,57.806
StochasticMonotone20LackPlanner,600,5,1.5,5,1,110.0,32.31260895729065,136859.29026858794,59.17799999999998
StochasticMonotone20LackPlanner,700,5,1.5,5,1,110.0,43.02903628349304,161265.67006475455,62.44200000000002
StochasticMonotone20LackPlanner,700,5,1.5,5,1,110.0,42.26912450790405,160238.22114432754,63.047000000000025
StochasticMonotone20LackPlanner,700,5,1.5,5,1,110.0,43.75451612472534,160307.65099997594,63.59200000000007
StochasticMonotone20LackPlanner,700,5,1.5,5,1,110.0,42.89051818847656,161491.84923067203,63.971
StochasticMonotone20LackPlanner,700,5,1.5,5,1,110.0,43.46809124946594,160602.4748432197,62.27500000000002
StochasticMonotone20LackPlanner,800,5,1.5,5,1,110.0,55.87919902801514,185151.19236289052,66.98400000000002
StochasticIterativePlanner,50,5,1.5,5,1,208.4877226398332,0.1783740520477295,9736.163365137812,16.441
StochasticIterativePlanner,50,5,1.5,5,1,219.55424749984203,0.3630368709564209,9841.386282176805,14.439999999999996
StochasticIterativePlanner,50,5,1.5,5,1,222.46940894251702,0.8273744583129883,10043.813873046947,14.669000000000002
StochasticIterativePlanner,50,5,1.5,5,1,220.51427829629796,0.38341689109802246,9652.23483220021,17.481999999999996
StochasticIterativePlanner,50,5,1.5,5,1,218.22868624915878,0.09554028511047363,10024.954613608114,15.972000000000007
StochasticIterativePlanner,100,5,1.5,5,1,224.5586726935382,0.35534119606018066,20199.442993476987,28.834999999999997
StochasticIterativePlanner,100,5,1.5,5,1,229.52877201205658,0.4445827007293701,20051.73787063528,29.035000000000004
StochasticIterativePlanner,100,5,1.5,5,1,225.2781346461639,0.43288588523864746,19478.174420708976,29.55100000000001
StochasticIterativePlanner,100,5,1.5,5,1,230.6555476794004,0.4461369514465332,20038.897111470214,28.602000000000007
StochasticIterativePlanner,100,5,1.5,5,1,225.54267509661082,0.4945950508117676,20331.740254240623,29.382999999999992
StochasticIterativePlanner,200,5,1.5,5,1,232.06552694897425,1.2834787368774414,41097.19944546806,50.526000000000025
StochasticIterativePlanner,200,5,1.5,5,1,243.98296024488957,1.091778039932251,41581.62483316596,48.77399999999998
StochasticIterativePlanner,200,5,1.5,5,1,241.13086173001457,1.0836188793182373,41588.383093739896,50.398
StochasticIterativePlanner,200,5,1.5,5,1,240.9776781535482,1.0669796466827393,41966.914196037906,46.74199999999998
StochasticIterativePlanner,200,5,1.5,5,1,239.36174810110282,1.1393957138061523,41260.24363680573,50.789000000000016
StochasticIterativePlanner,300,5,1.5,5,1,240.2164263307645,2.216310501098633,64004.8931955602,63.306
StochasticIterativePlanner,300,5,1.5,5,1,242.4419297984393,2.2500267028808594,63369.71800318462,66.42600000000006
StochasticIterativePlanner,300,5,1.5,5,1,255.71203955316395,2.3850977420806885,63849.99743288453,64.42200000000001
StochasticIterativePlanner,300,5,1.5,5,1,248.52228367134123,2.3004062175750732,64464.2155843268,65.39599999999997
StochasticIterativePlanner,300,5,1.5,5,1,241.7509818284925,2.114147186279297,62963.27865016339,67.02500000000002
StochasticIterativePlanner,400,5,1.5,5,1,249.14122346818846,3.5634572505950928,85216.46712409187,83.47200000000001
StochasticIterativePlanner,400,5,1.5,5,1,250.39817592258413,3.493370771408081,85722.21802314794,79.67300000000002
StochasticIterativePlanner,400,5,1.5,5,1,255.62996074937084,3.2441465854644775,87103.3219114974,71.539
StochasticIterativePlanner,400,5,1.5,5,1,255.5005520548474,3.361284017562866,86920.4600585753,74.69300000000005
StochasticIterativePlanner,400,5,1.5,5,1,247.82699938279893,3.6340527534484863,85138.56637542398,85.84400000000005
StochasticIterativePlanner,500,5,1.5,5,1,253.07737813046862,5.0944366455078125,108466.09621489889,93.63100000000009
StochasticIterativePlanner,500,5,1.5,5,1,255.68002141680998,4.94492769241333,109418.42229592036,87.6060000000001
StochasticIterativePlanner,500,5,1.5,5,1,253.48330536933858,4.927501440048218,109223.21428236384,88.243
StochasticIterativePlanner,500,5,1.5,5,1,257.5234547169505,4.789547920227051,110948.88214748584,84.74400000000003
StochasticIterativePlanner,500,5,1.5,5,1,257.6710895661146,5.277331113815308,108619.28268472129,92.57300000000002
StochasticIterativePlanner,600,5,1.5,5,1,257.18915182399047,7.132924795150757,130677.97977788246,107.24100000000001
StochasticIterativePlanner,600,5,1.5,5,1,264.28057855451874,6.801339626312256,131830.66331427512,101.61900000000007
StochasticIterativePlanner,600,5,1.5,5,1,255.8604640403673,6.7199671268463135,131071.98795273616,103.759
StochasticIterativePlanner,600,5,1.5,5,1,259.84331112283945,6.751611232757568,132780.9986316767,99.37300000000003
StochasticIterativePlanner,600,5,1.5,5,1,259.63675204062883,7.169722318649292,131164.1907088467,106.814
StochasticIterativePlanner,700,5,1.5,5,1,262.39192686937565,9.5808687210083,154842.32569737732,115.13800000000009
StochasticIterativePlanner,700,5,1.5,5,1,263.92115968102337,8.432535409927368,155894.4284068975,105.50200000000005
StochasticIterativePlanner,700,5,1.5,5,1,257.8645686961189,9.024150848388672,155977.1329226329,105.21400000000014
StochasticIterativePlanner,700,5,1.5,5,1,260.0455376699591,8.45897388458252,155096.14198885113,110.11599999999999
StochasticIterativePlanner,700,5,1.5,5,1,269.6005401188452,8.863385438919067,155368.79035464747,110.18099999999994
StochasticIterativePlanner,800,5,1.5,5,1,265.3887160774877,11.07377028465271,178293.38117611242,122.08800000000004
StochasticIterativePlanner,800,5,1.5,5,1,261.8111403627583,10.88083791732788,177809.75488273465,120.92900000000007
StochasticIterativePlanner,800,5,1.5,5,1,263.4736836670072,10.864314556121826,178666.54245811942,118.62400000000002
StochasticIterativePlanner,800,5,1.5,5,1,261.00279813263137,11.257978916168213,177540.05464820293,128.01100000000014
StochasticIterativePlanner,800,5,1.5,5,1,261.70903766440915,10.05376124382019,178458.9077052582,115.85799999999998
StochasticIterativePlanner,900,5,1.5,5,1,265.20064486486115,16.179823875427246,199301.32434411126,139.78200000000004
StochasticIterativePlanner,900,5,1.5,5,1,263.42233093792123,12.943088293075562,201316.38812298316,129.99100000000007
StochasticIterativePlanner,900,5,1.5,5,1,266.2730212142722,13.366697311401367,202278.7595696059,125.98600000000003
StochasticIterativePlanner,900,5,1.5,5,1,265.0657814234636,14.63584017753601,200686.65234834957,137.44200000000004
StochasticIterativePlanner,900,5,1.5,5,1,264.3943273611889,12.349488019943237,202915.12396864692,118.87499999999997
StochasticIterativePlanner,1000,5,1.5,5,1,267.1747599160704,15.673424482345581,225379.58677466397,138.9619999999999
StochasticIterativePlanner,1000,5,1.5,5,1,263.50211062037874,14.776790380477905,225841.0532336261,130.2749999999999
StochasticIterativePlanner,1000,5,1.5,5,1,269.3122449465567,15.553819179534912,225635.7486220781,134.10600000000002
StochasticIterativePlanner,1000,5,1.5,5,1,262.63042995369307,16.55682921409607,226665.03862513707,141.06200000000004
StochasticIterativePlanner,1000,5,1.5,5,1,271.9203349804396,15.689581632614136,224217.63842473118,134.3580000000002
StochasticMonotone30LackPlanner,50,5,1.5,5,1,107.0,1.7078776359558105,7730.0318286457405,19.838999999999995
StochasticMonotone30LackPlanner,50,5,1.5,5,1,109.0,0.3500683307647705,8233.67844234927,17.994
StochasticMonotone30LackPlanner,50,5,1.5,5,1,108.00000000000003,0.449876070022583,7674.0209785884435,19.806000000000004
StochasticMonotone30LackPlanner,50,5,1.5,5,1,109.0,0.42934703826904297,8176.19709391933,18.987
StochasticMonotone30LackPlanner,50,5,1.5,5,1,107.0,0.3341658115386963,8315.529394600811,18.462
StochasticMonotone30LackPlanner,100,5,1.5,5,1,107.0,1.530935287475586,18271.420603755676,29.815000000000005
StochasticMonotone30LackPlanner,100,5,1.5,5,1,109.0,1.7528350353240967,18348.39162835818,28.601999999999986
StochasticMonotone30LackPlanner,50,5,1.5,5,1,107.0,1.1008391380310059,7730.0318286457405,19.838999999999995
StochasticMonotone30LackPlanner,50,5,1.5,5,1,109.0,0.4824090003967285,8233.67844234927,17.994
StochasticMonotone30LackPlanner,50,5,1.5,5,1,108.00000000000003,0.5496311187744141,7674.0209785884435,19.806000000000004
StochasticMonotone30LackPlanner,50,5,1.5,5,1,109.0,0.39719152450561523,8176.19709391933,18.987
StochasticMonotone30LackPlanner,50,5,1.5,5,1,107.0,0.46140503883361816,8315.529394600811,18.462
StochasticMonotone30LackPlanner,100,5,1.5,5,1,107.0,2.2402267456054688,18271.420603755676,29.815000000000005
StochasticMonotone30LackPlanner,100,5,1.5,5,1,109.0,1.6261539459228516,18348.39162835818,28.601999999999986
StochasticMonotone30LackPlanner,100,5,1.5,5,1,110.0,1.7361207008361816,17942.8055456648,29.531999999999993
StochasticMonotone30LackPlanner,100,5,1.5,5,1,109.0,1.6808655261993408,18194.517071524562,29.839
StochasticMonotone30LackPlanner,100,5,1.5,5,1,107.0,1.3361694812774658,18417.59429199979,29.992000000000004
StochasticMonotone30LackPlanner,200,5,1.5,5,1,110.0,5.834444522857666,39939.99444944829,43.67999999999998
StochasticMonotone30LackPlanner,200,5,1.5,5,1,110.0,4.929280757904053,40188.79581672822,43.63400000000001
StochasticMonotone30LackPlanner,200,5,1.5,5,1,110.0,5.056856632232666,40060.05345477127,42.679
StochasticMonotone30LackPlanner,200,5,1.5,5,1,109.0,4.734631299972534,39718.40950735837,45.600999999999985
StochasticMonotone30LackPlanner,200,5,1.5,5,1,110.0,4.917660236358643,39415.82507067046,45.81000000000004
StochasticMonotone30LackPlanner,300,5,1.5,5,1,110.0,10.596237659454346,62601.02451292901,53.59000000000001
StochasticMonotone30LackPlanner,300,5,1.5,5,1,110.0,10.357802391052246,62475.62340288659,54.77200000000004
StochasticMonotone30LackPlanner,300,5,1.5,5,1,110.0,10.787282466888428,62709.34613430705,52.53200000000002
StochasticMonotone30LackPlanner,300,5,1.5,5,1,109.0,10.035127878189087,62820.17301305818,54.60099999999999
StochasticMonotone30LackPlanner,300,5,1.5,5,1,110.0,10.961641311645508,61888.76864047555,56.67200000000001
StochasticMonotone30LackPlanner,400,5,1.5,5,1,110.0,18.033756017684937,85295.63259049367,62.85800000000004
StochasticMonotone30LackPlanner,400,5,1.5,5,1,110.0,18.64370107650757,85473.33284488216,62.07800000000005
StochasticMonotone30LackPlanner,400,5,1.5,5,1,109.0,18.57499861717224,85518.5098811064,61.65
StochasticMonotone30LackPlanner,400,5,1.5,5,1,110.0,17.4609956741333,85509.18376935867,64.165
StochasticMonotone30LackPlanner,400,5,1.5,5,1,110.0,18.839211225509644,85387.19631172046,64.99000000000004
StochasticMonotone30LackPlanner,500,5,1.5,5,1,110.0,27.908263444900513,109091.30524978237,68.55800000000004
StochasticMonotone30LackPlanner,500,5,1.5,5,1,110.0,28.033617973327637,108676.53893779087,69.31299999999999
StochasticMonotone30LackPlanner,500,5,1.5,5,1,110.0,31.56208896636963,108811.43188070318,69.29199999999997
StochasticMonotone30LackPlanner,500,5,1.5,5,1,110.0,27.577964544296265,109838.67453554575,69.10399999999998
StochasticMonotone30LackPlanner,500,5,1.5,5,1,110.0,28.11197304725647,109027.44666421326,69.70400000000002
StochasticMonotone30LackPlanner,600,5,1.5,5,1,110.0,40.652068853378296,133191.6744474486,73.93300000000004
StochasticMonotone30LackPlanner,600,5,1.5,5,1,110.0,42.01814675331116,132716.81382365958,74.72000000000007
StochasticMonotone30LackPlanner,600,5,1.5,5,1,110.0,41.69877338409424,132468.0222874229,75.66900000000005
StochasticMonotone30LackPlanner,600,5,1.5,5,1,110.0,40.16574501991272,133102.6769519844,76.42300000000004
StochasticMonotone30LackPlanner,600,5,1.5,5,1,110.0,41.62585377693176,132649.2944179587,75.74700000000001
StochasticMonotone30LackPlanner,700,5,1.5,5,1,110.0,56.0383985042572,156717.50991394668,80.46600000000007
StochasticMonotone30LackPlanner,700,5,1.5,5,1,110.0,53.090930223464966,156173.12794645326,78.76400000000008
StochasticMonotone30LackPlanner,700,5,1.5,5,1,110.0,53.653358697891235,155998.4065572223,80.80100000000003
StochasticMonotone30LackPlanner,700,5,1.5,5,1,110.0,54.543394804000854,157094.66085127657,81.24000000000001
StochasticMonotone30LackPlanner,700,5,1.5,5,1,110.0,53.55351257324219,155929.5591509894,80.78000000000007
StochasticMonotone30LackPlanner,800,5,1.5,5,1,110.0,74.37819695472717,180600.33342804556,85.09600000000002
StochasticMonotone30LackPlanner,800,5,1.5,5,1,110.0,73.75888442993164,179704.26122486842,84.81700000000002
StochasticMonotone30LackPlanner,800,5,1.5,5,1,110.0,82.20016121864319,179996.3088783235,84.24600000000004
StochasticMonotone45LackPlanner,50,5,1.5,5,1,107.0,1.0763881206512451,6028.747479022319,25.644999999999996
StochasticMonotone45LackPlanner,50,5,1.5,5,1,109.00000000000001,0.3238794803619385,6365.793155156889,24.552000000000007
StochasticMonotone45LackPlanner,50,5,1.5,5,1,107.99999999999999,0.39999985694885254,6158.08725148097,24.952000000000005
StochasticMonotone45LackPlanner,50,5,1.5,5,1,109.00000000000001,0.3819596767425537,6449.530027608352,24.627999999999982
StochasticMonotone45LackPlanner,50,5,1.5,5,1,107.0,0.3758518695831299,6674.011803923575,24.013999999999996
StochasticMonotone45LackPlanner,100,5,1.5,5,1,107.0,1.9103143215179443,14289.555581420786,44.05999999999997
StochasticMonotone45LackPlanner,100,5,1.5,5,1,109.00000000000001,1.7331745624542236,14414.510555741184,42.908000000000015
StochasticMonotone45LackPlanner,100,5,1.5,5,1,110.0,1.5303409099578857,13811.202315131208,44.97200000000002
StochasticMonotone45LackPlanner,100,5,1.5,5,1,109.00000000000001,1.7555503845214844,14544.81211420482,42.655
StochasticMonotone45LackPlanner,100,5,1.5,5,1,107.0,1.4506583213806152,14999.273400612936,41.939
StochasticMonotone45LackPlanner,200,5,1.5,5,1,110.0,6.414304733276367,32451.191260705476,72.06999999999998
StochasticMonotone45LackPlanner,200,5,1.5,5,1,110.0,6.500172853469849,32449.317760875932,72.31400000000005
StochasticMonotone45LackPlanner,200,5,1.5,5,1,110.0,6.372117042541504,32966.01161510274,69.21700000000003
StochasticMonotone45LackPlanner,200,5,1.5,5,1,109.00000000000001,5.790037155151367,33015.76636526371,69.94
StochasticMonotone45LackPlanner,200,5,1.5,5,1,110.0,6.668527126312256,32262.015444519595,72.30300000000004
StochasticMonotone45LackPlanner,300,5,1.5,5,1,110.0,12.848054647445679,53186.46434819246,89.22100000000005
StochasticMonotone45LackPlanner,300,5,1.5,5,1,110.0,12.885712146759033,52956.466702728096,90.37300000000005
StochasticMonotone45LackPlanner,300,5,1.5,5,1,110.0,13.788678884506226,53735.139103339396,86.01199999999999
StochasticMonotone45LackPlanner,300,5,1.5,5,1,109.00000000000001,12.672573566436768,53994.59383816372,86.83900000000003
StochasticMonotone45LackPlanner,300,5,1.5,5,1,110.0,13.294105052947998,53446.0150978757,87.98700000000004
StochasticMonotone45LackPlanner,400,5,1.5,5,1,110.0,24.193617582321167,74981.33713993093,101.17300000000004
StochasticMonotone45LackPlanner,400,5,1.5,5,1,110.0,24.969409227371216,74981.33713993093,101.17300000000004
StochasticMonotone45LackPlanner,400,5,1.5,5,1,110.0,23.09746265411377,74818.85348351524,101.70800000000007
StochasticMonotone45LackPlanner,400,5,1.5,5,1,110.0,25.56669855117798,75415.40745496232,98.95100000000006
StochasticMonotone45LackPlanner,400,5,1.5,5,1,110.0,22.800124645233154,76055.92392451357,98.69200000000001
StochasticMonotone45LackPlanner,400,5,1.5,5,1,110.0,23.587830305099487,75832.03573822738,99.968
StochasticMonotone45LackPlanner,500,5,1.5,5,1,110.0,35.1130428314209,98543.93946635583,107.24200000000013
StochasticMonotone45LackPlanner,500,5,1.5,5,1,110.0,35.166893005371094,97363.04004011594,111.109
StochasticMonotone45LackPlanner,500,5,1.5,5,1,110.0,37.14100694656372,98281.28944539934,107.576
StochasticMonotone45LackPlanner,500,5,1.5,5,1,110.0,33.99990200996399,99290.51918923316,107.77000000000002
StochasticMonotone45LackPlanner,500,5,1.5,5,1,110.0,33.211191177368164,98762.35866784498,107.35300000000011
StochasticMonotone45LackPlanner,600,5,1.5,5,1,110.0,49.77287554740906,122709.15071058433,112.16200000000005
StochasticMonotone45LackPlanner,600,5,1.5,5,1,110.0,49.616835594177246,122350.8436144991,112.50699999999996
StochasticMonotone45LackPlanner,600,5,1.5,5,1,110.0,52.89283895492554,121748.43119584172,114.274
StochasticMonotone45LackPlanner,600,5,1.5,5,1,110.0,47.43356013298035,122731.33188353291,113.94799999999994
StochasticMonotone45LackPlanner,600,5,1.5,5,1,110.0,51.44520092010498,122393.78578991519,113.107
StochasticMonotone45LackPlanner,700,5,1.5,5,1,110.0,73.66743612289429,146629.05080376376,116.40200000000002
StochasticMonotone45LackPlanner,100,5,1.5,5,1,107.0,3.286806583404541,14289.555581420786,44.05999999999997
StochasticMonotone45LackPlanner,100,5,1.5,5,1,109.00000000000001,1.5456490516662598,14414.510555741184,42.908000000000015
StochasticMonotone45LackPlanner,100,5,1.5,5,1,110.0,1.9667434692382812,13811.202315131208,44.97200000000002
StochasticMonotone45LackPlanner,100,5,1.5,5,1,109.00000000000001,1.618551254272461,14544.81211420482,42.655
StochasticMonotone45LackPlanner,100,5,1.5,5,1,107.0,2.3649330139160156,14999.273400612936,41.939
StochasticMonotone45LackPlanner,100,5,1.5,5,1,109.00000000000001,1.4359540939331055,14526.108491426949,43.455
StochasticMonotone45LackPlanner,100,5,1.5,5,1,110.0,1.633986234664917,14704.368453665084,41.68100000000002
StochasticMonotone45LackPlanner,100,5,1.5,5,1,109.00000000000001,1.6442866325378418,14469.26085930486,43.52799999999997
StochasticMonotone45LackPlanner,100,5,1.5,5,1,107.0,1.401867389678955,13236.237567691243,49.110000000000014
StochasticMonotone45LackPlanner,100,5,1.5,5,1,110.0,1.5146613121032715,14906.252478427126,42.10700000000002
StochasticMonotone45LackPlanner,200,5,1.5,5,1,110.0,5.8195154666900635,32451.191260705476,72.06999999999998
StochasticMonotone45LackPlanner,200,5,1.5,5,1,110.0,5.35589861869812,32449.317760875932,72.31400000000005
StochasticMonotone45LackPlanner,200,5,1.5,5,1,110.0,5.878249168395996,32966.01161510274,69.21700000000003
StochasticMonotone45LackPlanner,200,5,1.5,5,1,109.00000000000001,5.309595823287964,33015.76636526371,69.94
StochasticMonotone45LackPlanner,200,5,1.5,5,1,110.0,6.080890893936157,32262.015444519595,72.30300000000004
StochasticMonotone45LackPlanner,200,5,1.5,5,1,110.0,5.699856996536255,32606.23613996026,71.44500000000002
StochasticMonotone45LackPlanner,200,5,1.5,5,1,110.0,5.456252574920654,32955.15482105837,69.07300000000004
StochasticMonotone45LackPlanner,200,5,1.5,5,1,110.0,5.684949159622192,31732.62604084021,75.39600000000004
StochasticMonotone45LackPlanner,200,5,1.5,5,1,110.0,5.797610282897949,33545.84745682523,67.94400000000003
StochasticMonotone45LackPlanner,200,5,1.5,5,1,110.0,5.3899805545806885,33273.292070548756,69.45199999999997
StochasticMonotone45LackPlanner,300,5,1.5,5,1,110.0,12.458445310592651,53186.46434819246,89.22100000000005
StochasticMonotone45LackPlanner,300,5,1.5,5,1,110.0,12.42098879814148,52956.466702728096,90.37300000000005
StochasticMonotone45LackPlanner,300,5,1.5,5,1,110.0,12.934216022491455,53735.139103339396,86.01199999999999
StochasticMonotone45LackPlanner,300,5,1.5,5,1,109.00000000000001,12.199844121932983,53994.59383816372,86.83900000000003
StochasticMonotone45LackPlanner,300,5,1.5,5,1,110.0,12.686235189437866,53446.0150978757,87.98700000000004
StochasticMonotone45LackPlanner,300,5,1.5,5,1,110.0,11.917786598205566,53614.76412613567,87.52199999999998
StochasticMonotone45LackPlanner,300,5,1.5,5,1,110.0,12.214855909347534,54372.20208826247,84.19600000000003
StochasticMonotone45LackPlanner,300,5,1.5,5,1,110.0,12.776746988296509,53986.41691626626,89.05700000000002
StochasticMonotone45LackPlanner,300,5,1.5,5,1,110.0,12.356492519378662,54879.262197787335,82.89400000000002
StochasticMonotone45LackPlanner,300,5,1.5,5,1,110.0,12.321659326553345,53612.23940548845,88.94399999999997
StochasticMonotone45LackPlanner,400,5,1.5,5,1,110.0,21.37182068824768,74981.33713993093,101.17300000000004
StochasticMonotone45LackPlanner,400,5,1.5,5,1,110.0,22.338869333267212,74818.85348351524,101.70800000000007
StochasticMonotone45LackPlanner,400,5,1.5,5,1,110.0,24.23294186592102,75415.40745496232,98.95100000000006
StochasticMonotone45LackPlanner,400,5,1.5,5,1,110.0,22.541231632232666,76055.92392451357,98.69200000000001
StochasticMonotone45LackPlanner,400,5,1.5,5,1,110.0,21.82061743736267,75832.03573822738,99.968
StochasticMonotone45LackPlanner,400,5,1.5,5,1,110.0,21.558300256729126,75828.65086503689,99.95400000000006
StochasticMonotone45LackPlanner,400,5,1.5,5,1,110.0,20.745216846466064,76494.17486103886,96.097
StochasticMonotone45LackPlanner,400,5,1.5,5,1,110.0,22.61046075820923,76337.31361092388,100.56000000000003
StochasticMonotone45LackPlanner,400,5,1.5,5,1,110.0,22.718957901000977,76583.74039082976,95.86200000000005
StochasticMonotone45LackPlanner,400,5,1.5,5,1,110.0,21.043987035751343,75698.53313023498,100.41500000000003
StochasticMonotone45LackPlanner,500,5,1.5,5,1,110.0,33.211554765701294,98543.93946635583,107.24200000000013
StochasticMonotone45LackPlanner,500,5,1.5,5,1,110.0,32.110371828079224,97363.04004011594,111.109
StochasticMonotone45LackPlanner,500,5,1.5,5,1,110.0,35.06259894371033,98281.28944539934,107.576
StochasticMonotone45LackPlanner,500,5,1.5,5,1,110.0,32.56320858001709,99290.51918923316,107.77000000000002
StochasticMonotone45LackPlanner,500,5,1.5,5,1,110.0,32.08850717544556,98762.35866784498,107.35300000000011
StochasticMonotone45LackPlanner,500,5,1.5,5,1,110.0,33.49475836753845,98737.92773024135,108.879
StochasticMonotone45LackPlanner,500,5,1.5,5,1,110.0,32.38838601112366,99319.43450718271,105.46200000000007
StochasticMonotone45LackPlanner,500,5,1.5,5,1,110.0,33.20082879066467,99755.87499465095,107.75000000000004
StochasticMonotone45LackPlanner,500,5,1.5,5,1,110.0,33.06021785736084,98925.27608382772,106.76799999999994
StochasticMonotone45LackPlanner,500,5,1.5,5,1,110.0,32.27901315689087,98467.2333620782,108.16399999999996
