planner,num_agents,num_robots,f,d,completion_time,planner_time,damage,num_disabled
KmeansAssignmentPlanner,50,5,2,5,132.846313320404,0.140597343444824,3576.99309829009,50
KmeansAssignmentPlanner,50,5,2,5,147.611772195878,0.124989748001098,3309.45732336368,50
KmeansAssignmentPlanner,50,5,2,5,160.267186317619,0.140615463256835,3799.47791205284,50
KmeansAssignmentPlanner,50,5,2,5,159.003178402353,0.140615463256835,3082.79455060925,50
KmeansAssignmentPlanner,50,5,2,5,153.623376578157,0.140614986419677,3095.29995280859,50
KmeansAssignmentPlanner,50,5,2,5,174.386884534265,0.140615463256835,3522.79000651612,50
KmeansAssignmentPlanner,50,5,2,5,147.351935538382,0.140615940093994,3169.72413663101,50
KmeansAssignmentPlanner,50,5,2,5,156.339969801091,0.140614509582519,3178.21979860723,50
KmeansAssignmentPlanner,50,5,2,5,138.805555562559,0.140615463256835,3276.34271106583,50
KmeansAssignmentPlanner,50,5,2,5,180.598195788805,0.140615463256835,3093.32334417847,50
KmeansAssignmentPlanner,50,5,2,5,162.700871683168,0.124989986419677,3277.36625600175,50
KmeansAssignmentPlanner,50,5,2,5,137.473119455403,0.140615940093994,3091.44425089497,50
KmeansAssignmentPlanner,50,5,2,5,160.840577912484,0.124989032745361,3449.15142815209,50
KmeansAssignmentPlanner,50,5,2,5,134.828888591487,0.140615940093994,3637.28019188726,50
KmeansAssignmentPlanner,50,5,2,5,140.234248053484,0.140615463256835,2694.0803351277,50
KmeansAssignmentPlanner,50,5,2,5,172.1607484473,0.140615224838256,2911.72854943869,50
KmeansAssignmentPlanner,50,5,2,5,178.002974385084,0.140614748001098,3254.86859946672,50
KmeansAssignmentPlanner,50,5,2,5,137.820620487042,0.140615940093994,3622.41166733782,50
KmeansAssignmentPlanner,50,5,2,5,152.124511283099,0.140614986419677,3197.93157872313,50
KmeansAssignmentPlanner,50,5,2,5,162.08107253951,0.140615940093994,3058.9513149081,50
KmeansAssignmentPlanner,50,5,2,5,140.093924417807,0.140614748001098,2908.29440518744,50
KmeansAssignmentPlanner,50,5,2,5,148.511781814666,0.140615463256835,3128.52828816888,50
KmeansAssignmentPlanner,50,5,2,5,148.506180549759,0.140615224838256,3488.42788469752,50
KmeansAssignmentPlanner,50,5,2,5,174.482794380461,0.140615940093994,3429.43571652514,50
KmeansAssignmentPlanner,50,5,2,5,180.397575635425,0.140615224838256,3650.41644624818,50
KmeansAssignmentPlanner,50,5,2,5,167.025032323676,0.140614986419677,3209.26640741464,50
KmeansAssignmentPlanner,50,5,2,5,149.247373309908,0.140614748001098,3243.40989041231,50
KmeansAssignmentPlanner,50,5,2,5,142.947916722964,0.140615463256835,3244.33743143921,50
KmeansAssignmentPlanner,50,5,2,5,143.81976083058,0.140615463256835,3160.16914346226,50
KmeansAssignmentPlanner,50,5,2,5,159.944860927914,0.140615701675415,3199.72981696124,50
KmeansAssignmentPlanner,100,5,2,5,193.931128985027,0.249984264373779,8771.86752916691,100
KmeansAssignmentPlanner,100,5,2,5,223.655909898098,0.265605688095092,8858.39138038122,100
KmeansAssignmentPlanner,100,5,2,5,227.100000328181,0.265606641769409,9586.65210332912,100
KmeansAssignmentPlanner,100,5,2,5,240.508602591259,0.249983072280883,9259.16087764741,100
KmeansAssignmentPlanner,100,5,2,5,216.992847585929,0.249982118606567,8366.18134804454,100
KmeansAssignmentPlanner,100,5,2,5,244.152436334989,0.265604734420776,10102.0679401283,100
KmeansAssignmentPlanner,100,5,2,5,240.920308070505,0.234370470046997,9352.78524206077,100
KmeansAssignmentPlanner,100,5,2,5,174.947428416367,0.249969244003295,7976.86322343373,100
KmeansAssignmentPlanner,100,5,2,5,176.108215332242,0.249982118606567,9044.68538074923,100
KmeansAssignmentPlanner,100,5,2,5,190.573226554893,0.249983072280883,8098.2804582743,100
KmeansAssignmentPlanner,100,5,2,5,193.70505377759,0.249983072280883,9087.06620431838,100
KmeansAssignmentPlanner,100,5,2,5,177.486168359099,0.24999451637268,8991.28328611778,100
KmeansAssignmentPlanner,100,5,2,5,193.647119734828,0.249981641769409,9309.19489264528,100
KmeansAssignmentPlanner,100,5,2,5,217.195177415642,0.249981880187988,8560.1472888151,100
KmeansAssignmentPlanner,100,5,2,5,180.051292737165,0.249983072280883,8313.0785769901,100
KmeansAssignmentPlanner,100,5,2,5,209.003327914872,0.265604972839355,7737.14164888988,100
KmeansAssignmentPlanner,100,5,2,5,190.156105347577,0.249983072280883,8578.23025932462,100
KmeansAssignmentPlanner,100,5,2,5,189.034211552851,0.249981641769409,9090.98312641679,100
KmeansAssignmentPlanner,100,5,2,5,207.752031050117,0.249980449676513,9071.87621679705,100
KmeansAssignmentPlanner,100,5,2,5,222.414823404882,0.265608310699462,8739.87380487463,100
KmeansAssignmentPlanner,100,5,2,5,182.852834865057,0.24998116493225,8815.25948252625,100
KmeansAssignmentPlanner,100,5,2,5,205.701355682545,0.249983310699462,8483.66378754154,100
KmeansAssignmentPlanner,100,5,2,5,177.899819573875,0.26560640335083,8062.35534014549,100
KmeansAssignmentPlanner,100,5,2,5,196.320133473688,0.265606641769409,8773.38970989744,100
KmeansAssignmentPlanner,100,5,2,5,215.03912858452,0.249984264373779,8877.4559026391,100
KmeansAssignmentPlanner,100,5,2,5,210.217522394475,0.249982118606567,8509.44161380477,100
KmeansAssignmentPlanner,100,5,2,5,214.903124248284,0.249967813491821,8747.40418999667,100
KmeansAssignmentPlanner,100,5,2,5,222.067406745077,0.265606164932251,9196.79265133347,100
KmeansAssignmentPlanner,100,5,2,5,202.878768158631,0.249977827072143,9027.07760757455,100
KmeansAssignmentPlanner,100,5,2,5,213.816896620075,0.265602588653564,9118.37562750187,100
KmeansAssignmentPlanner,200,5,2,5,279.880811119251,0.687452316284179,23589.89557051,200
KmeansAssignmentPlanner,200,5,2,5,340.059348559372,0.6718430519104,24271.4183221955,200
KmeansAssignmentPlanner,200,5,2,5,351.67265162739,0.656213998794555,24716.3011985147,200
KmeansAssignmentPlanner,200,5,2,5,359.394989565129,0.671815633773803,25894.4739718538,200
KmeansAssignmentPlanner,200,5,2,5,327.557667197338,0.687466144561767,24865.5347293279,200
KmeansAssignmentPlanner,200,5,2,5,346.117032082179,0.671828746795654,26631.5966739526,200
KmeansAssignmentPlanner,200,5,2,5,332.044516292339,0.671825647354126,27127.593419996,200
KmeansAssignmentPlanner,200,5,2,5,299.129489774021,0.656204223632812,26165.1659708174,200
KmeansAssignmentPlanner,200,5,2,5,309.769494737278,0.656192302703857,24366.011405424,200
KmeansAssignmentPlanner,200,5,2,5,308.009475660657,0.656204938888549,25852.0734311759,200
KmeansAssignmentPlanner,200,5,2,5,314.95301123179,0.703058719635009,27089.9052112536,200
KmeansAssignmentPlanner,200,5,2,5,367.337674482323,0.640580654144287,28566.8642888118,200
KmeansAssignmentPlanner,200,5,2,5,375.534759945091,0.703076601028442,28424.5208801359,200
KmeansAssignmentPlanner,200,5,2,5,349.700652182943,0.656217098236084,27500.8874010631,200
KmeansAssignmentPlanner,200,5,2,5,340.42189379908,0.656204223632812,25539.109891078,200
KmeansAssignmentPlanner,200,5,2,5,291.199874370028,0.671842336654663,23644.0104515451,200
KmeansAssignmentPlanner,200,5,2,5,325.70222456522,0.656191349029541,27014.3467052297,200
KmeansAssignmentPlanner,200,5,2,5,334.991844149062,0.671830415725708,25145.4496337639,200
KmeansAssignmentPlanner,200,5,2,5,318.823349278205,0.656204938888549,26162.4387041693,200
KmeansAssignmentPlanner,200,5,2,5,320.952363810912,0.671827793121337,25790.9129103011,200
KmeansAssignmentPlanner,200,5,2,5,346.558655430275,0.734325170516967,26415.1423778789,200
KmeansAssignmentPlanner,200,5,2,5,344.406762819207,0.656216859817504,25846.9839542863,200
KmeansAssignmentPlanner,200,5,2,5,296.449089772059,0.671814918518066,25030.0511172018,200
KmeansAssignmentPlanner,200,5,2,5,277.424980486995,0.640576362609863,26234.2798140844,200
KmeansAssignmentPlanner,200,5,2,5,370.839940608835,0.671810865402221,26879.9544336894,200
KmeansAssignmentPlanner,200,5,2,5,316.063657012508,0.640578508377075,24844.7799522856,200
KmeansAssignmentPlanner,200,5,2,5,306.173892859281,0.656202316284179,25807.628509492,200
KmeansAssignmentPlanner,200,5,2,5,335.857846429789,0.656203269958496,24838.4412668327,200
KmeansAssignmentPlanner,200,5,2,5,306.488552774753,0.656217575073242,26507.6177928948,200
KmeansAssignmentPlanner,200,5,2,5,402.994254768868,0.718700885772705,26888.2554044222,200
KmeansAssignmentPlanner,300,5,2,5,374.392166748832,1.31240892410278,48223.3465114072,300
KmeansAssignmentPlanner,300,5,2,5,462.262542143402,1.35929369926452,51924.8766425431,300
KmeansAssignmentPlanner,300,5,2,5,480.866054431257,1.40614628791809,50499.5792928259,300
KmeansAssignmentPlanner,300,5,2,5,455.401522331351,1.29678583145141,53830.5049133461,300
KmeansAssignmentPlanner,300,5,2,5,477.727939029267,1.41572713851928,50558.8163043598,300
KmeansAssignmentPlanner,300,5,2,5,431.279646514872,1.34365725517272,46713.1069203195,300
KmeansAssignmentPlanner,300,5,2,5,462.759488658954,1.37491488456726,52308.3939854406,300
KmeansAssignmentPlanner,300,5,2,5,410.714219266537,1.34364414215087,49068.9918149903,300
KmeansAssignmentPlanner,300,5,2,5,391.344552571325,1.34365391731262,50801.0915223483,300
KmeansAssignmentPlanner,300,5,2,5,433.448606054349,1.40616559982299,50616.9910862741,300
KmeansAssignmentPlanner,300,5,2,5,444.261903357908,1.35927939414978,53386.4600878803,300
KmeansAssignmentPlanner,300,5,2,5,376.331461787272,1.34367036819458,50519.3604644258,300
KmeansAssignmentPlanner,300,5,2,5,426.40875504251,1.35926294326782,50776.9352105584,300
KmeansAssignmentPlanner,300,5,2,5,430.250307099406,1.35928034782409,51664.1961198836,300
KmeansAssignmentPlanner,300,5,2,5,423.763661190497,1.40615630149841,51231.0560988865,300
KmeansAssignmentPlanner,300,5,2,5,463.623636713916,1.32804656028747,48506.9758167618,300
KmeansAssignmentPlanner,300,5,2,5,432.747721355265,1.37490391731262,50550.0583943413,300
KmeansAssignmentPlanner,300,5,2,5,499.146853439883,1.42177534103393,51625.8111676816,300
KmeansAssignmentPlanner,300,5,2,5,436.737751106471,1.39052963256835,54401.4324613848,300
KmeansAssignmentPlanner,300,5,2,5,422.132105058387,1.35927724838256,51906.8936666337,300
KmeansAssignmentPlanner,300,5,2,5,398.357032623184,1.40616703033447,49920.0410828327,300
KmeansAssignmentPlanner,300,5,2,5,435.211657065815,1.29679918289184,47973.2353508584,300
KmeansAssignmentPlanner,300,5,2,5,398.075003734565,1.34366917610168,48723.1885939532,300
KmeansAssignmentPlanner,300,5,2,5,376.175453443989,1.32804632186889,50242.1414140793,300
KmeansAssignmentPlanner,300,5,2,5,483.263007038964,1.32803344726562,52761.8589557336,300
KmeansAssignmentPlanner,300,5,2,5,417.700922918039,1.32802057266235,49666.8654790847,300
KmeansAssignmentPlanner,300,5,2,5,414.675930106667,1.35928058624267,50251.6435150046,300
KmeansAssignmentPlanner,300,5,2,5,397.362658558312,1.34365773200988,51096.7620752644,300
KmeansAssignmentPlanner,300,5,2,5,384.884782365361,1.32804584503173,49904.4916140393,300
KmeansAssignmentPlanner,300,5,2,5,514.355047108997,1.37490487098693,51054.5320741662,300
KmeansAssignmentPlanner,400,5,2,5,593.560510626259,2.24985742568969,83839.0451832581,400
KmeansAssignmentPlanner,400,5,2,5,600.590565946572,2.37484908103942,85237.2599406159,400
KmeansAssignmentPlanner,400,5,2,5,574.142980773167,2.202974319458,79611.2094747339,400
KmeansAssignmentPlanner,400,5,2,5,588.784349732577,2.28109288215637,87987.5150830173,400
KmeansAssignmentPlanner,400,5,2,5,544.011024901766,2.26546716690063,82182.58045624,400
KmeansAssignmentPlanner,400,5,2,5,597.091486960474,2.24985718727111,78319.5395322203,400
KmeansAssignmentPlanner,400,5,2,5,610.129004568471,2.37483477592468,84825.6522203112,400
KmeansAssignmentPlanner,400,5,2,5,474.827620077835,2.28109216690063,79599.8831540261,400
KmeansAssignmentPlanner,400,5,2,5,487.455771932138,2.20297241210937,83498.158230865,400
KmeansAssignmentPlanner,400,5,2,5,681.058933455526,2.37483525276184,88818.4602310631,400
KmeansAssignmentPlanner,400,5,2,5,513.619564644003,2.27579689025878,88303.913260343,400
KmeansAssignmentPlanner,400,5,2,5,497.838441416546,2.2811005115509,84411.2550763722,400
KmeansAssignmentPlanner,400,5,2,5,693.311445280718,2.31234002113342,88652.2087565363,400
KmeansAssignmentPlanner,400,5,2,5,601.42252435897,2.34358930587768,89179.0670404135,400
KmeansAssignmentPlanner,400,5,2,5,575.188691341618,2.35921120643615,89257.0086404532,400
KmeansAssignmentPlanner,400,5,2,5,478.446461576345,2.24985432624816,81589.7734012489,400
KmeansAssignmentPlanner,400,5,2,5,597.890184580647,2.32983326911926,87678.5652024897,400
KmeansAssignmentPlanner,400,5,2,5,585.396913991388,2.40917825698852,90750.1333706126,400
KmeansAssignmentPlanner,400,5,2,5,537.047981971692,2.37482380867004,88929.0563776689,400
KmeansAssignmentPlanner,400,5,2,5,545.345525980906,2.26546788215637,93728.4879479353,400
KmeansAssignmentPlanner,400,5,2,5,533.858041551055,2.29673027992248,84874.6956940761,400
KmeansAssignmentPlanner,400,5,2,5,561.436806007204,2.28109240531921,79577.0331100926,400
KmeansAssignmentPlanner,400,5,2,5,549.657392730807,2.24984097480773,82110.4976508883,400
KmeansAssignmentPlanner,400,5,2,5,460.487080574679,2.2810935974121,84254.7694340445,400
KmeansAssignmentPlanner,400,5,2,5,540.126735121044,2.40609645843505,89285.4772307894,400
KmeansAssignmentPlanner,400,5,2,5,527.921854959673,2.21858382225036,90776.9122091166,400
KmeansAssignmentPlanner,400,5,2,5,526.07696365651,2.29672908782959,78261.6638599272,400
KmeansAssignmentPlanner,400,5,2,5,614.436247608174,2.32797956466674,91980.1874345515,400
KmeansAssignmentPlanner,400,5,2,5,508.562577688168,2.31233811378479,83827.2245891314,400
KmeansAssignmentPlanner,400,5,2,5,678.621289973406,2.33068084716796,87251.3914247977,400
KmeansAssignmentPlanner,500,5,2,5,719.278487543924,3.45288395881652,129235.271899044,500
KmeansAssignmentPlanner,500,5,2,5,695.354989972251,3.51537919044494,127387.393861202,500
KmeansAssignmentPlanner,500,5,2,5,706.258820841985,3.43724656105041,125982.433109629,500
KmeansAssignmentPlanner,500,5,2,5,760.57283108971,3.53100538253784,137644.762011453,500
KmeansAssignmentPlanner,500,5,2,5,664.979336720226,3.56225514411926,130325.837481349,500
KmeansAssignmentPlanner,500,5,2,5,684.288224757021,3.43727588653564,124399.388905002,500
KmeansAssignmentPlanner,500,5,2,5,742.339751925732,3.54664301872253,124645.997134868,500
KmeansAssignmentPlanner,500,5,2,5,630.509634100297,3.48413610458374,116071.646710249,500
KmeansAssignmentPlanner,500,5,2,5,612.169355002297,3.49975824356079,122917.313905993,500
KmeansAssignmentPlanner,500,5,2,5,602.965487915729,3.43726181983947,122908.813890431,500
KmeansAssignmentPlanner,500,5,2,5,721.66944871259,3.45287370681762,133944.947808089,500
KmeansAssignmentPlanner,500,5,2,5,580.512698468176,3.5641119480133,122795.109017128,500
KmeansAssignmentPlanner,500,5,2,5,695.390302519771,3.49976849555969,129319.773458966,500
KmeansAssignmentPlanner,500,5,2,5,715.054993869251,3.53102016448974,131096.631539384,500
KmeansAssignmentPlanner,500,5,2,5,674.842171223359,3.48412203788757,126768.76263392,500
KmeansAssignmentPlanner,500,5,2,5,628.954414092952,3.48413324356079,119976.811599131,500
KmeansAssignmentPlanner,500,5,2,5,656.601569693625,3.499760389328,123683.232987076,500
KmeansAssignmentPlanner,500,5,2,5,739.088207030627,3.57787537574768,136932.152405417,500
KmeansAssignmentPlanner,500,5,2,5,588.62706549555,3.35914397239685,126373.401484656,500
KmeansAssignmentPlanner,500,5,2,5,657.032228515147,3.51539301872253,130140.013547158,500
KmeansAssignmentPlanner,500,5,2,5,618.794302395561,3.53100752830505,120800.739466767,500
KmeansAssignmentPlanner,500,5,2,5,665.257749293419,3.4997432231903,121492.568398152,500
KmeansAssignmentPlanner,500,5,2,5,727.537075677299,3.46850609779357,119825.594653624,500
KmeansAssignmentPlanner,500,5,2,5,568.045736182559,3.40601515769958,121400.763829408,500
KmeansAssignmentPlanner,500,5,2,5,767.651073394444,3.43726348876953,135509.005351283,500
KmeansAssignmentPlanner,500,5,2,5,591.034526782317,3.40600156784057,128377.517752799,500
KmeansAssignmentPlanner,500,5,2,5,630.270270582916,3.40601730346679,120487.117966185,500
KmeansAssignmentPlanner,500,5,2,5,653.77228459454,3.51538062095642,128702.218078069,500
KmeansAssignmentPlanner,500,5,2,5,587.125338606238,3.37476468086242,122678.788643594,500
KmeansAssignmentPlanner,500,5,2,5,729.668712763788,3.39040517807006,122662.877462945,500
KmeansAssignmentPlanner,600,5,2,5,859.313964095632,4.96839523315429,188418.6812606,600
KmeansAssignmentPlanner,600,5,2,5,850.32117622522,4.99965500831604,176268.458875134,600
KmeansAssignmentPlanner,600,5,2,5,881.814392868621,4.93716192245483,182598.173207281,600
KmeansAssignmentPlanner,600,5,2,5,831.126972444829,5.17152881622314,182740.409650463,600
KmeansAssignmentPlanner,600,5,2,5,839.015890922364,4.99965548515319,169115.530178046,600
KmeansAssignmentPlanner,600,5,2,5,897.856860485305,5.12464714050293,178043.07652791,600
KmeansAssignmentPlanner,600,5,2,5,863.544628422075,4.92153716087341,174480.785599515,600
KmeansAssignmentPlanner,600,5,2,5,854.039828606833,4.90589618682861,169848.168507034,600
KmeansAssignmentPlanner,600,5,2,5,707.237163363355,4.87466526031494,164727.009704093,600
KmeansAssignmentPlanner,600,5,2,5,862.428010298277,5.2826063632965,180478.693028472,600
KmeansAssignmentPlanner,600,5,2,5,755.841736594368,4.85404062271118,188880.867420563,600
KmeansAssignmentPlanner,600,5,2,5,819.475091372271,5.10221099853515,185795.778112744,600
KmeansAssignmentPlanner,600,5,2,5,738.407984281128,4.86402606964111,180839.089091997,600
KmeansAssignmentPlanner,600,5,2,5,863.331609776587,5.08388662338256,183797.951211948,600
KmeansAssignmentPlanner,600,5,2,5,781.406787593558,4.84947061538696,176214.564844646,600
KmeansAssignmentPlanner,600,5,2,5,758.329691321213,4.91092133522033,169455.326826251,600
KmeansAssignmentPlanner,600,5,2,5,868.033658014149,4.92153644561767,189023.191347051,600
KmeansAssignmentPlanner,600,5,2,5,765.658701054708,4.87466192245483,169416.256684178,600
KmeansAssignmentPlanner,600,5,2,5,677.219684409485,4.89028668403625,166847.789958329,600
KmeansAssignmentPlanner,600,5,2,5,783.599607678011,4.92154788970947,177479.276062355,600
KmeansAssignmentPlanner,600,5,2,5,725.470770482846,4.91791582107543,166197.979276696,600
KmeansAssignmentPlanner,600,5,2,5,872.56127120601,5.1558814048767,179366.339634052,600
KmeansAssignmentPlanner,600,5,2,5,891.788601863572,4.99965357780456,170557.473774809,600
KmeansAssignmentPlanner,600,5,2,5,678.355958705279,5.14026999473571,173153.455858374,600
KmeansAssignmentPlanner,600,5,2,5,920.035473861487,5.06215000152587,183521.47348216,600
KmeansAssignmentPlanner,600,5,2,5,684.34914299506,4.76529669761657,174494.049205611,600
KmeansAssignmentPlanner,600,5,2,5,805.43963702383,4.85905075073242,183931.674629638,600
KmeansAssignmentPlanner,600,5,2,5,694.276309141551,4.89027643203735,176069.392134155,600
KmeansAssignmentPlanner,600,5,2,5,686.675016072048,4.89028453826904,172466.240553579,600
KmeansAssignmentPlanner,600,5,2,5,919.495460275967,5.06214570999145,178079.082729537,600
KmeansAssignmentPlanner,700,5,2,5,984.222324597661,6.53079557418823,239394.811698658,700
KmeansAssignmentPlanner,700,5,2,5,872.922750556683,6.65579056739807,235283.583522335,700
KmeansAssignmentPlanner,700,5,2,5,1003.42399294019,6.84327888488769,229390.591389255,700
KmeansAssignmentPlanner,700,5,2,5,914.954310238439,6.6558039188385,253601.80680517,700
KmeansAssignmentPlanner,700,5,2,5,949.826799380265,6.67141580581665,231576.715925048,700
KmeansAssignmentPlanner,700,5,2,5,1062.52051521764,6.70267581939697,244622.32375233,700
KmeansAssignmentPlanner,700,5,2,5,967.737020458653,6.6960973739624,226094.300482013,700
KmeansAssignmentPlanner,700,5,2,5,937.714087123228,6.57768654823303,230866.635906415,700
KmeansAssignmentPlanner,700,5,2,5,845.581744707006,6.53081321716308,223054.642411049,700
KmeansAssignmentPlanner,700,5,2,5,1003.16810987099,6.76517128944397,238364.299254995,700
KmeansAssignmentPlanner,700,5,2,5,1015.03853170796,6.8320734500885,252753.606610406,700
KmeansAssignmentPlanner,700,5,2,5,967.295762746668,7.02580189704895,254535.393899694,700
KmeansAssignmentPlanner,700,5,2,5,854.124320063091,7.1480176448822,235008.229561529,700
KmeansAssignmentPlanner,700,5,2,5,934.938722572586,6.79641819000244,240028.386035279,700
KmeansAssignmentPlanner,700,5,2,5,946.907855316569,6.64018082618713,242192.570945414,700
KmeansAssignmentPlanner,700,5,2,5,877.459362751438,6.67142868041992,230050.744753122,700
KmeansAssignmentPlanner,700,5,2,5,924.602819025277,6.6245572566986,243855.721486769,700
KmeansAssignmentPlanner,700,5,2,5,958.33723438325,6.65579104423522,230184.323204077,700
KmeansAssignmentPlanner,700,5,2,5,802.474541413335,6.53081369400024,225970.269577522,700
KmeansAssignmentPlanner,700,5,2,5,875.350929729686,6.81201887130737,243241.262356821,700
KmeansAssignmentPlanner,700,5,2,5,820.457891291407,6.71828508377075,233546.578687597,700
KmeansAssignmentPlanner,700,5,2,5,861.779900573108,6.59329605102539,222000.534564802,700
KmeansAssignmentPlanner,700,5,2,5,957.668991445447,6.59329581260681,223519.310144975,700
KmeansAssignmentPlanner,700,5,2,5,808.264228998624,6.48394060134887,230981.47031493,700
KmeansAssignmentPlanner,700,5,2,5,1068.85550928894,6.59329628944397,240785.321609983,700
KmeansAssignmentPlanner,700,5,2,5,832.557419413241,6.49953961372375,241287.799021787,700
KmeansAssignmentPlanner,700,5,2,5,1006.31210042208,6.5620572566986,242429.373313462,700
KmeansAssignmentPlanner,700,5,2,5,1000.50041141718,6.68705177307128,252876.270574088,700
KmeansAssignmentPlanner,700,5,2,5,795.699256670208,6.46829295158386,227980.566721478,700
KmeansAssignmentPlanner,700,5,2,5,1089.83601680096,6.84327888488769,237547.183580049,700
KmeansAssignmentPlanner,800,5,2,5,1141.93681875928,8.67127609252929,327244.184494618,800
KmeansAssignmentPlanner,800,5,2,5,971.245022711696,8.56191039085388,305161.456853594,800
KmeansAssignmentPlanner,800,5,2,5,1100.1120841314,8.57754778861999,295216.300621315,800
KmeansAssignmentPlanner,800,5,2,5,1299.68656914337,8.81189370155334,338043.382546619,800
KmeansAssignmentPlanner,800,5,2,5,992.728208688098,8.57753467559814,304474.117075997,800
KmeansAssignmentPlanner,800,5,2,5,1159.6945932447,8.89000034332275,316676.976578699,800
KmeansAssignmentPlanner,800,5,2,5,1110.13465214445,8.74939703941345,293631.245272252,800
KmeansAssignmentPlanner,800,5,2,5,1168.04492201178,8.70253801345825,308961.64108624,800
KmeansAssignmentPlanner,800,5,2,5,1011.04846795076,8.51503920555114,297906.084840295,800
KmeansAssignmentPlanner,800,5,2,5,1051.41190617365,8.70253777503967,304862.352219759,800
KmeansAssignmentPlanner,800,5,2,5,1136.04779030329,8.73375988006591,315840.500927807,800
KmeansAssignmentPlanner,800,5,2,5,1098.26246719106,8.79626965522766,326917.535984613,800
KmeansAssignmentPlanner,800,5,2,5,1020.58945604682,8.98375487327575,307447.691164284,800
KmeansAssignmentPlanner,800,5,2,5,1036.62533824026,8.60876679420471,308924.875185961,800
KmeansAssignmentPlanner,800,5,2,5,1134.83209693292,8.48379135131836,314156.029534712,800
KmeansAssignmentPlanner,800,5,2,5,1021.55411275079,8.47247338294982,308945.112025978,800
KmeansAssignmentPlanner,800,5,2,5,1083.49618234438,8.74490022659301,324631.953355327,800
KmeansAssignmentPlanner,800,5,2,5,1112.93530975532,8.67126584053039,300286.334369256,800
KmeansAssignmentPlanner,800,5,2,5,927.945827973887,8.5462851524353,291691.040632927,800
KmeansAssignmentPlanner,800,5,2,5,1007.36661059605,8.57751965522766,310275.393456364,800
KmeansAssignmentPlanner,800,5,2,5,994.224095286993,8.76502275466919,301543.795263103,800
KmeansAssignmentPlanner,800,5,2,5,1000.69429814372,8.75961995124816,290307.688546686,800
KmeansAssignmentPlanner,800,5,2,5,1120.68874503322,8.56861042976379,293008.5338145,800
KmeansAssignmentPlanner,800,5,2,5,963.250907068916,8.65566420555114,314999.065387373,800
KmeansAssignmentPlanner,800,5,2,5,1240.63762126557,8.7494044303894,319077.365601144,800
KmeansAssignmentPlanner,800,5,2,5,951.483751472647,8.59316802024841,308278.969772739,800
KmeansAssignmentPlanner,800,5,2,5,1054.83665247415,8.73376059532165,303688.851838,800
KmeansAssignmentPlanner,800,5,2,5,940.733706237967,8.56192326545715,307864.314589612,800
KmeansAssignmentPlanner,800,5,2,5,941.899348217774,8.54627275466919,307931.024767772,800
KmeansAssignmentPlanner,800,5,2,5,1260.03857389769,8.84314012527465,319260.300067603,800
KmeansAssignmentPlanner,900,5,2,5,1321.2427257188,11.0617370605468,402236.514886679,900
KmeansAssignmentPlanner,900,5,2,5,1122.99566284439,10.8273754119873,390756.05113495,900
KmeansAssignmentPlanner,900,5,2,5,1185.84856252176,10.7336456775665,377081.606467983,900
KmeansAssignmentPlanner,900,5,2,5,1176.39480830698,10.9523665904998,403265.398994897,900
KmeansAssignmentPlanner,900,5,2,5,1104.23867641155,10.9158577919006,384865.027565898,900
KmeansAssignmentPlanner,900,5,2,5,1339.47798633645,11.1086201667785,395964.610841488,900
KmeansAssignmentPlanner,900,5,2,5,1270.58991404316,10.9836175441741,364625.396327513,900
KmeansAssignmentPlanner,900,5,2,5,1141.23109586687,10.9045860767364,367788.692865324,900
KmeansAssignmentPlanner,900,5,2,5,1041.53584472838,10.8475475311279,378128.900743112,900
KmeansAssignmentPlanner,900,5,2,5,1138.08310156736,11.030475616455,367267.895976075,900
KmeansAssignmentPlanner,900,5,2,5,1316.82412530368,11.0148499011993,395335.735672564,900
KmeansAssignmentPlanner,900,5,2,5,1346.7149127507,11.1398439407348,406809.919645427,900
KmeansAssignmentPlanner,900,5,2,5,1128.60643271904,10.999242067337,391110.381403084,900
KmeansAssignmentPlanner,900,5,2,5,1142.08660554523,10.9836134910583,381259.244449172,900
KmeansAssignmentPlanner,900,5,2,5,1147.03490451902,10.843010187149,391533.035807049,900
KmeansAssignmentPlanner,900,5,2,5,1155.30530025086,10.9836280345916,380268.977411258,900
KmeansAssignmentPlanner,900,5,2,5,1248.12442378058,10.8760945796966,400039.040834634,900
KmeansAssignmentPlanner,900,5,2,5,1209.47666113001,10.6257705688476,373401.856421983,900
KmeansAssignmentPlanner,900,5,2,5,1086.76167076387,10.6086544990539,365821.68763195,900
KmeansAssignmentPlanner,900,5,2,5,1071.46773462721,10.8765618801116,387524.407351147,900
KmeansAssignmentPlanner,900,5,2,5,1134.98627115394,11.0576980113983,378282.334406341,900
KmeansAssignmentPlanner,900,5,2,5,1191.53805430175,11.2972538471221,400671.42981812,900
KmeansAssignmentPlanner,900,5,2,5,1311.34005675094,11.0188114643096,378469.149654464,900
KmeansAssignmentPlanner,900,5,2,5,1141.56171484352,11.1017255783081,388131.184336249,900
KmeansAssignmentPlanner,900,5,2,5,1367.16224374828,11.0773627758026,408723.0972776,900
KmeansAssignmentPlanner,900,5,2,5,1064.26892026681,10.4992618560791,392584.87198265,900
KmeansAssignmentPlanner,900,5,2,5,1143.11617901237,10.796130657196,379388.561318063,900
KmeansAssignmentPlanner,900,5,2,5,1026.60161902615,10.8430025577545,384258.255524898,900
KmeansAssignmentPlanner,900,5,2,5,1095.92377728571,10.6555271148681,379112.560653932,900
KmeansAssignmentPlanner,900,5,2,5,1337.46230447364,10.8898594379425,380303.359256159,900
KmeansAssignmentPlanner,1000,5,2,5,1415.78502426824,13.4834480285644,483874.352757489,1000
KmeansAssignmentPlanner,1000,5,2,5,1207.24173998019,13.4177463054656,469797.808378994,1000
KmeansAssignmentPlanner,1000,5,2,5,1317.21379653798,13.3521733283996,472830.173261531,1000
KmeansAssignmentPlanner,1000,5,2,5,1314.76419621014,16.2454233169555,488151.368500512,1000
KmeansAssignmentPlanner,1000,5,2,5,1219.61303902081,13.4053227901458,478411.579933288,1000
KmeansAssignmentPlanner,1000,5,2,5,1510.96294801459,13.6240491867065,485146.516636309,1000
KmeansAssignmentPlanner,1000,5,2,5,1284.72624885838,13.4209365844726,431721.579192191,1000
KmeansAssignmentPlanner,1000,5,2,5,1294.16575157333,13.2803354263305,483856.869740055,1000
KmeansAssignmentPlanner,1000,5,2,5,1147.83869606312,13.2021989822387,445963.679540082,1000
KmeansAssignmentPlanner,1000,5,2,5,1284.14226216125,13.561565876007,470773.971621422,1000
KmeansAssignmentPlanner,1000,5,2,5,1439.78296101557,13.5303316116333,489334.909305616,1000
KmeansAssignmentPlanner,1000,5,2,5,1453.29487399682,13.6579818725585,502529.403376683,1000
KmeansAssignmentPlanner,1000,5,2,5,1344.52374454326,13.3671650886535,461004.872460106,1000
KmeansAssignmentPlanner,1000,5,2,5,1333.76458744338,13.5303168296813,477398.585787217,1000
KmeansAssignmentPlanner,1000,5,2,5,1307.85288294729,13.7414903640747,477407.716248062,1000
KmeansAssignmentPlanner,1000,5,2,5,1316.07801056131,13.6709308624267,464213.197564771,1000
KmeansAssignmentPlanner,1000,5,2,5,1314.43355497718,13.6084399223327,483049.112010031,1000
KmeansAssignmentPlanner,1000,5,2,5,1287.47791800169,13.2959575653076,449620.293710361,1000
KmeansAssignmentPlanner,1000,5,2,5,1152.41318201932,13.2178373336792,437599.712131574,1000
KmeansAssignmentPlanner,1000,5,2,5,1244.02758277668,13.2334766387939,474276.104277533,1000
KmeansAssignmentPlanner,1000,5,2,5,1207.89775422167,13.436561346054,461633.709889917,1000
KmeansAssignmentPlanner,1000,5,2,5,1359.71171834488,13.3115971088409,483449.910919465,1000
KmeansAssignmentPlanner,1000,5,2,5,1301.46377184139,13.4053215980529,451937.179537313,1000
KmeansAssignmentPlanner,1000,5,2,5,1283.56470542105,13.5928282737731,482300.074400105,1000
KmeansAssignmentPlanner,1000,5,2,5,1455.76805715364,13.4053258895874,494756.972257159,1000
KmeansAssignmentPlanner,1000,5,2,5,1215.42082503863,13.3740923404693,474302.933673655,1000
KmeansAssignmentPlanner,1000,5,2,5,1236.63907559308,13.5146808624267,457807.258466573,1000
KmeansAssignmentPlanner,1000,5,2,5,1110.82989770867,13.1866052150726,476170.838016534,1000
KmeansAssignmentPlanner,1000,5,2,5,1070.44626993065,13.3896849155426,449651.591194759,1000
KmeansAssignmentPlanner,1000,5,2,5,1429.10610163179,13.4990830421447,464859.099708932,1000
Additive25StaticLackPlanner,50,5,2.0,5,287.37117518254803,0.04960155487060547,11393.064478618786,24
Additive25StaticLackPlanner,50,5,2.0,5,293.03497177286994,0.0835881233215332,11703.535848785945,25
Additive25StaticLackPlanner,50,5,2.0,5,293.00043028109695,0.05884838104248047,11698.494500760236,24
Additive25StaticLackPlanner,50,5,2.0,5,291.59002050091215,0.06376266479492188,11691.697974879033,25
Additive25StaticLackPlanner,50,5,2.0,5,287.4715678011358,0.05032920837402344,11958.271612122124,22
Additive25StaticLackPlanner,50,5,2.0,5,291.8024821599984,0.06147003173828125,11691.300350466037,22
Additive25StaticLackPlanner,50,5,2.0,5,288.9555384675628,0.06663298606872559,11712.722019793584,22
Additive25StaticLackPlanner,50,5,2.0,5,283.11673411801655,0.05831027030944824,11808.153441647075,23
Additive25StaticLackPlanner,50,5,2.0,5,297.9392834195347,0.06374812126159668,11683.154133382308,29
Additive25StaticLackPlanner,50,5,2.0,5,294.45048241491224,0.06405067443847656,11847.009349125934,29
Additive25StaticLackPlanner,100,5,2.0,5,296.5944227832482,0.2550320625305176,23301.155324695734,60
Additive25StaticLackPlanner,100,5,2.0,5,285.2508027616184,0.20706653594970703,23852.96862279975,43
Additive25StaticLackPlanner,100,5,2.0,5,285.9048422472047,0.2024245262145996,23578.34164648493,47
Additive25StaticLackPlanner,100,5,2.0,5,294.4154686885104,0.319652795791626,23244.253725247992,62
Additive25StaticLackPlanner,100,5,2.0,5,293.75530601107226,0.5259878635406494,22011.954257253474,73
Additive25StaticLackPlanner,100,5,2.0,5,290.14660520328584,0.5888772010803223,22437.61121181711,58
Additive25StaticLackPlanner,100,5,2.0,5,295.54332815267975,0.3287985324859619,23179.799918308032,59
Additive25StaticLackPlanner,100,5,2.0,5,290.54938296143894,0.41483235359191895,23553.836712985587,55
Additive25StaticLackPlanner,100,5,2.0,5,292.31650142169684,0.2624244689941406,23623.47902753706,51
Additive25StaticLackPlanner,100,5,2.0,5,295.8307439995534,0.2079012393951416,23443.545370048923,54
Additive25StaticLackPlanner,200,5,2.0,5,295.4325355856189,1.2166683673858643,46128.18452771772,123
Additive25StaticLackPlanner,200,5,2.0,5,294.65089208621896,1.6333167552947998,44707.398312908044,127
Additive25StaticLackPlanner,200,5,2.0,5,297.8589412082319,1.3902368545532227,45610.456060060584,127
Additive25StaticLackPlanner,200,5,2.0,5,292.6233050281989,1.2669448852539062,46453.981865170725,117
Additive25StaticLackPlanner,200,5,2.0,5,296.9866332327179,1.230027437210083,46228.96612369304,119
Additive25StaticLackPlanner,200,5,2.0,5,295.4543015080539,1.34999418258667,45478.06555719016,128
Additive25StaticLackPlanner,200,5,2.0,5,293.0517295619268,1.597428321838379,44966.62340899127,126
Additive25StaticLackPlanner,200,5,2.0,5,292.9733752628898,1.6501824855804443,44340.30791470491,136
Additive25StaticLackPlanner,200,5,2.0,5,294.0625193752344,1.5485403537750244,45656.848649142805,117
Additive25StaticLackPlanner,200,5,2.0,5,293.9506838529416,1.5744414329528809,45363.11004296434,129
Additive25StaticLackPlanner,300,5,2.0,5,296.14667831111836,2.671205759048462,70814.2672868991,155
Additive25StaticLackPlanner,300,5,2.0,5,296.37002306262383,7.983802556991577,69086.46919151215,172
Additive25StaticLackPlanner,300,5,2.0,5,291.8584455288961,7.185356855392456,65870.05864694691,175
Additive25StaticLackPlanner,300,5,2.0,5,296.7924950108398,5.385540962219238,69986.37734221455,171
Additive25StaticLackPlanner,300,5,2.0,5,295.54880706721957,3.5216169357299805,69460.9291952063,163
Additive25StaticLackPlanner,300,5,2.0,5,295.10906892583705,5.245991945266724,67389.82881264565,179
Additive25StaticLackPlanner,300,5,2.0,5,295.7504502766057,6.163590669631958,69815.03145838439,161
Additive25StaticLackPlanner,300,5,2.0,5,293.8047203076927,6.377437591552734,68187.47183845945,154
Additive25StaticLackPlanner,300,5,2.0,5,291.45535110540067,3.280482530593872,68924.05081217703,162
Additive25StaticLackPlanner,300,5,2.0,5,295.61170553194324,4.108511924743652,68576.45759717222,166
Additive25StaticLackPlanner,400,5,2.0,5,294.80847235997055,7.47057318687439,91533.87889183754,204
Additive25StaticLackPlanner,400,5,2.0,5,297.02635541225914,6.84471583366394,92712.89874377364,200
Additive25StaticLackPlanner,400,5,2.0,5,292.1829700752672,8.131057500839233,91673.58062438665,209
Additive25StaticLackPlanner,400,5,2.0,5,295.5761983550892,7.378924131393433,93254.82275102675,194
Additive25StaticLackPlanner,400,5,2.0,5,295.4864242686031,7.25004243850708,92569.79672667698,190
Additive25StaticLackPlanner,400,5,2.0,5,291.2419452038739,7.9763689041137695,91566.56869090463,209
Additive25StaticLackPlanner,400,5,2.0,5,292.8292397779069,7.816553115844727,92818.37621044833,200
Additive25StaticLackPlanner,400,5,2.0,5,297.0457995032485,6.273078203201294,94131.71316015511,176
Additive25StaticLackPlanner,400,5,2.0,5,295.2948899537709,5.076010465621948,94121.44022496992,187
Additive25StaticLackPlanner,400,5,2.0,5,294.8650127403792,6.133758544921875,94457.61951091007,187
Additive25StaticLackPlanner,500,5,2.0,5,295.08902025977454,10.961304664611816,116589.8598283316,225
Additive25StaticLackPlanner,500,5,2.0,5,295.96911163225195,10.358529090881348,116918.0835804814,230
Additive25StaticLackPlanner,500,5,2.0,5,293.6895422929644,12.99125623703003,115037.89235207446,237
Additive25StaticLackPlanner,500,5,2.0,5,294.91987696332205,10.903802633285522,118427.26692204384,214
Additive25StaticLackPlanner,500,5,2.0,5,295.4071491937496,9.981106042861938,117458.48969749748,221
Additive25StaticLackPlanner,500,5,2.0,5,295.89756238158924,10.404863595962524,117981.32158627613,224
Additive25StaticLackPlanner,500,5,2.0,5,297.7039367400719,11.978953123092651,115640.60220986001,226
Additive25StaticLackPlanner,500,5,2.0,5,294.9312280303671,8.0463285446167,121029.82358742983,190
Additive25StaticLackPlanner,500,5,2.0,5,295.1361971431262,9.451271533966064,118682.72559813474,224
Additive25StaticLackPlanner,500,5,2.0,5,294.01899587071404,9.811420202255249,119039.5375498403,212
Additive25StaticLackPlanner,600,5,2.0,5,292.2893516799127,19.383098125457764,138724.87581026682,258
Additive25StaticLackPlanner,600,5,2.0,5,294.36116561690125,20.636323928833008,138974.0333430881,256
Additive25StaticLackPlanner,600,5,2.0,5,292.9714895260017,16.90872812271118,140470.49737524628,259
Additive25StaticLackPlanner,600,5,2.0,5,293.4344754381481,15.33292531967163,142311.28289117434,235
Additive25StaticLackPlanner,600,5,2.0,5,294.549177065331,18.81643772125244,138591.59841635852,255
Additive25StaticLackPlanner,600,5,2.0,5,296.38127690229334,17.71230387687683,140201.56070057504,263
Additive25StaticLackPlanner,600,5,2.0,5,291.71322354599874,21.071932315826416,140080.90025690335,248
Additive25StaticLackPlanner,600,5,2.0,5,295.5501978406469,12.485103368759155,145325.85638825558,225
Additive25StaticLackPlanner,600,5,2.0,5,292.8118418964334,15.049078226089478,142165.31697999884,241
Additive25StaticLackPlanner,600,5,2.0,5,296.5442098840468,16.224720001220703,142075.72449102218,235
Additive25StaticLackPlanner,700,5,2.0,5,289.0753732249018,24.719879150390625,164445.5397622869,274
Additive25StaticLackPlanner,700,5,2.0,5,294.9464924150134,21.655308961868286,164871.50070636623,265
Additive25StaticLackPlanner,700,5,2.0,5,292.99892366817664,22.99679470062256,163936.4499730719,276
Additive25StaticLackPlanner,700,5,2.0,5,294.9615663146748,25.37283158302307,166533.62148464654,267
Additive25StaticLackPlanner,700,5,2.0,5,292.16927753361466,21.018683910369873,164961.79220969885,269
Additive25StaticLackPlanner,700,5,2.0,5,294.36581541274023,19.61708426475525,166960.5415940287,280
Additive25StaticLackPlanner,700,5,2.0,5,294.398732242886,25.812856435775757,165376.94072352428,277
Additive25StaticLackPlanner,700,5,2.0,5,295.2050449190693,18.535953044891357,169785.98598440163,245
Additive25StaticLackPlanner,700,5,2.0,5,292.38194627562103,25.20039129257202,165457.68563993348,281
Additive25StaticLackPlanner,700,5,2.0,5,295.526142657845,19.119757890701294,166865.83485480177,265
Additive25StaticLackPlanner,800,5,2.0,5,294.7338046395877,33.69192123413086,188346.31351418694,292
Additive25StaticLackPlanner,800,5,2.0,5,291.09499294123606,32.330445289611816,186535.13544946696,303
Additive25StaticLackPlanner,800,5,2.0,5,293.3887418771982,30.44223403930664,188611.74570449739,298
Additive25StaticLackPlanner,800,5,2.0,5,292.47894108315904,31.819404363632202,189680.99818353468,294
Additive25StaticLackPlanner,800,5,2.0,5,295.9357694172424,28.383006811141968,190098.90030243283,282
Additive25StaticLackPlanner,800,5,2.0,5,293.11553159826605,30.331706762313843,190095.7248707783,297
Additive25StaticLackPlanner,800,5,2.0,5,294.7969284017767,29.89658498764038,188827.76023198693,293
Additive25StaticLackPlanner,800,5,2.0,5,293.5563217352843,28.770827531814575,190875.8237549484,286
Additive25StaticLackPlanner,800,5,2.0,5,290.8590405147049,31.10701084136963,188658.60479890558,309
Additive25StaticLackPlanner,800,5,2.0,5,291.4746479042919,28.468323945999146,190965.11000233598,281
Additive25StaticLackPlanner,900,5,2.0,5,295.4563029567319,39.216110944747925,215508.20674350223,303
Additive25StaticLackPlanner,900,5,2.0,5,291.28876032388007,45.732398986816406,210875.4029836174,315
Additive25StaticLackPlanner,900,5,2.0,5,288.59486201815076,49.91508889198303,211602.37179621065,314
Additive25StaticLackPlanner,900,5,2.0,5,293.46835527889175,42.593209743499756,214450.08601150796,315
Additive25StaticLackPlanner,900,5,2.0,5,293.3576183032106,41.90731692314148,213619.46009670795,297
Additive25StaticLackPlanner,900,5,2.0,5,289.7873891841506,44.99870038032532,212252.49906047105,326
Additive25StaticLackPlanner,900,5,2.0,5,289.50061442854354,39.64753794670105,213911.34885008066,306
Additive25StaticLackPlanner,900,5,2.0,5,290.0255635285012,33.74025535583496,212932.92864879296,315
Additive25StaticLackPlanner,900,5,2.0,5,292.1854665080328,38.523977756500244,211366.12375508653,332
Additive25StaticLackPlanner,900,5,2.0,5,295.1262231288327,31.16661500930786,216802.8715486883,286
Additive25StaticLackPlanner,1000,5,2.0,5,293.6549240835939,51.85061478614807,238833.0069005331,324
Additive25StaticLackPlanner,1000,5,2.0,5,291.73060795123746,56.87822937965393,235598.64239237568,324
Additive25StaticLackPlanner,1000,5,2.0,5,291.0073617021934,59.643078565597534,236220.35986667706,344
Additive25StaticLackPlanner,1000,5,2.0,5,296.68618606043236,45.06014823913574,240728.34296580567,319
Additive25StaticLackPlanner,1000,5,2.0,5,288.46060276790985,61.98059153556824,232641.68812222814,332
Additive25StaticLackPlanner,1000,5,2.0,5,295.12144874641166,54.310567140579224,237528.27373589427,345
Additive25StaticLackPlanner,1000,5,2.0,5,291.80806762950624,58.15871739387512,236315.28897725118,341
Additive25StaticLackPlanner,1000,5,2.0,5,294.65505142562967,39.51738166809082,238392.2228167393,333
Additive25StaticLackPlanner,1000,5,2.0,5,291.9408235666369,50.16211986541748,239229.1366555124,336
Additive25StaticLackPlanner,1000,5,2.0,5,288.6085406965591,51.84654927253723,238498.32556660427,315
Additive50StaticLackPlanner,50,5,2.0,5,267.4519729260175,0.02455925941467285,11925.40557289943,11
Additive50StaticLackPlanner,50,5,2.0,5,298.35256717524766,0.032067298889160156,11966.81412651043,14
Additive50StaticLackPlanner,50,5,2.0,5,280.400575116096,0.04403877258300781,11827.500660072656,18
Additive50StaticLackPlanner,50,5,2.0,5,288.4329669549933,0.0320277214050293,11809.02900943836,16
Additive50StaticLackPlanner,50,5,2.0,5,280.45473385175217,0.016013145446777344,12134.565772076521,16
Additive50StaticLackPlanner,50,5,2.0,5,283.2456883098266,0.03365278244018555,11958.24717751746,13
Additive50StaticLackPlanner,50,5,2.0,5,297.0927492888742,0.03302717208862305,11996.47892613431,16
Additive50StaticLackPlanner,50,5,2.0,5,279.35750414540223,0.032024383544921875,11745.319906507471,15
Additive50StaticLackPlanner,50,5,2.0,5,273.0188388299084,0.03353691101074219,11951.320073282388,14
Additive50StaticLackPlanner,50,5,2.0,5,285.0320887478314,0.032019615173339844,11839.566993060811,16
Additive50StaticLackPlanner,100,5,2.0,5,293.42379424947757,0.08667612075805664,24417.40146516235,33
Additive50StaticLackPlanner,100,5,2.0,5,296.0776717561869,0.06409049034118652,24501.09916048848,24
Additive50StaticLackPlanner,100,5,2.0,5,291.8908151594376,0.08233523368835449,24478.711987109396,35
Additive50StaticLackPlanner,100,5,2.0,5,296.5574910086843,0.0958702564239502,24485.748214996594,37
Additive50StaticLackPlanner,100,5,2.0,5,298.53934538818777,0.07123637199401855,24868.70353792254,32
Additive50StaticLackPlanner,100,5,2.0,5,291.1331409960182,0.08411669731140137,23452.078304917224,36
Additive50StaticLackPlanner,100,5,2.0,5,292.2533311703673,0.11631107330322266,24296.977430296287,23
Additive50StaticLackPlanner,100,5,2.0,5,296.7795749872881,0.10578155517578125,24435.690711236857,38
Additive50StaticLackPlanner,100,5,2.0,5,292.52215814851905,0.1910572052001953,24263.0823207824,29
Additive50StaticLackPlanner,100,5,2.0,5,296.93422506458,0.2209634780883789,24349.456777404775,37
Additive50StaticLackPlanner,200,5,2.0,5,296.09962021987207,0.4463801383972168,48514.0561384842,73
Additive50StaticLackPlanner,200,5,2.0,5,295.447464821683,0.38352513313293457,49310.604621758626,60
Additive50StaticLackPlanner,200,5,2.0,5,297.6909206058629,0.4002189636230469,48267.09206560812,90
Additive50StaticLackPlanner,200,5,2.0,5,297.55260361409984,0.2862999439239502,48285.799962875644,77
Additive50StaticLackPlanner,200,5,2.0,5,294.2634843548623,0.22333407402038574,48359.43855743446,62
Additive50StaticLackPlanner,200,5,2.0,5,295.223314631837,0.2497713565826416,47899.01902085365,75
Additive50StaticLackPlanner,200,5,2.0,5,294.7006668029165,0.18878841400146484,49002.599179640616,50
Additive50StaticLackPlanner,200,5,2.0,5,293.443101689571,0.3028109073638916,48414.3646417359,76
Additive50StaticLackPlanner,200,5,2.0,5,296.1102352862316,0.2458193302154541,48757.763688632156,72
Additive50StaticLackPlanner,200,5,2.0,5,298.93939506692516,0.34920620918273926,48604.56568836448,64
Additive50StaticLackPlanner,300,5,2.0,5,298.28827699296244,0.9043645858764648,72507.13925993988,107
Additive50StaticLackPlanner,300,5,2.0,5,297.27929578347965,0.8922605514526367,71881.5616021914,145
Additive50StaticLackPlanner,300,5,2.0,5,299.5691745148764,1.1148717403411865,71598.38577728097,126
Additive50StaticLackPlanner,300,5,2.0,5,298.1141259287123,0.7508382797241211,73344.99402065054,116
Additive50StaticLackPlanner,300,5,2.0,5,295.96731926226494,0.9336986541748047,72175.42173342532,122
Additive50StaticLackPlanner,300,5,2.0,5,297.7811582046181,0.9836013317108154,71862.9956180898,133
Additive50StaticLackPlanner,300,5,2.0,5,296.01393186191643,0.6175761222839355,73458.13168629377,93
Additive50StaticLackPlanner,300,5,2.0,5,297.4691673804855,0.9395887851715088,72731.01485671659,116
Additive50StaticLackPlanner,300,5,2.0,5,297.8840480687566,1.0663487911224365,72657.26730516327,113
Additive50StaticLackPlanner,300,5,2.0,5,297.14858315914245,0.7941522598266602,72544.20442796107,112
Additive50StaticLackPlanner,400,5,2.0,5,298.20824652259324,1.4101788997650146,97446.71580370478,154
Additive50StaticLackPlanner,400,5,2.0,5,298.8943934116855,1.5724067687988281,94999.50693888222,180
Additive50StaticLackPlanner,400,5,2.0,5,297.2556390504497,1.5417695045471191,95428.19160122097,161
Additive50StaticLackPlanner,400,5,2.0,5,297.2602774328809,1.3607008457183838,96931.06773849532,160
Additive50StaticLackPlanner,400,5,2.0,5,297.07030482990046,1.3265559673309326,95494.30627087511,154
Additive50StaticLackPlanner,400,5,2.0,5,297.8310377683384,1.4415240287780762,96505.51226236204,164
Additive50StaticLackPlanner,400,5,2.0,5,298.91538081243357,1.2196319103240967,97723.37047180458,162
Additive50StaticLackPlanner,400,5,2.0,5,295.1419651802329,1.4314358234405518,97253.72599445222,139
Additive50StaticLackPlanner,400,5,2.0,5,296.9239153031398,1.1533329486846924,96364.76682644094,119
Additive50StaticLackPlanner,400,5,2.0,5,296.7399177061336,1.451298713684082,96793.93726312474,169
Additive50StaticLackPlanner,500,5,2.0,5,297.92729734148924,2.511878728866577,120611.05566641947,195
Additive50StaticLackPlanner,500,5,2.0,5,297.92050500450847,2.1529314517974854,119849.05509545234,193
Additive50StaticLackPlanner,500,5,2.0,5,297.62624967069104,2.2921388149261475,119737.4168898994,190
Additive50StaticLackPlanner,500,5,2.0,5,298.3721383501708,2.2374212741851807,121680.01068221411,188
Additive50StaticLackPlanner,500,5,2.0,5,298.2968526334014,2.174323797225952,121039.16116883304,185
Additive50StaticLackPlanner,500,5,2.0,5,297.3834784783525,2.68552303314209,120386.35044761623,179
Additive50StaticLackPlanner,500,5,2.0,5,298.11484389919286,2.6720306873321533,119561.20039420172,200
Additive50StaticLackPlanner,500,5,2.0,5,296.97546718345484,2.8426320552825928,121119.48743535926,181
Additive50StaticLackPlanner,500,5,2.0,5,298.75797300630603,3.071995973587036,119907.91484339196,193
Additive50StaticLackPlanner,500,5,2.0,5,296.93826649970646,2.8271090984344482,121234.32272351757,188
Additive50StaticLackPlanner,600,5,2.0,5,298.5966336600539,5.308128118515015,144060.72279082102,221
Additive50StaticLackPlanner,600,5,2.0,5,297.66475306023176,4.876806020736694,142675.11817285826,235
Additive50StaticLackPlanner,600,5,2.0,5,297.807858645086,4.141474962234497,144313.95354000895,209
Additive50StaticLackPlanner,600,5,2.0,5,297.7117482905526,4.701318979263306,144208.66931641343,227
Additive50StaticLackPlanner,600,5,2.0,5,297.7364287356063,3.6693527698516846,144919.10853093574,187
Additive50StaticLackPlanner,600,5,2.0,5,297.8825117632308,4.103387832641602,145262.2427492362,221
Additive50StaticLackPlanner,600,5,2.0,5,298.92823314128697,4.333492755889893,144594.306603714,196
Additive50StaticLackPlanner,600,5,2.0,5,296.6201193334988,4.138695955276489,145519.33884898227,199
Additive50StaticLackPlanner,600,5,2.0,5,296.20895287313317,4.406399965286255,144520.7757521512,212
Additive50StaticLackPlanner,600,5,2.0,5,297.1013899532106,3.9925355911254883,145657.4329921762,200
Additive50StaticLackPlanner,700,5,2.0,5,297.61162925949697,5.882564544677734,169324.29449996434,232
Additive50StaticLackPlanner,700,5,2.0,5,297.3116468123353,5.389084339141846,168606.1811666388,233
Additive50StaticLackPlanner,700,5,2.0,5,296.9036621575045,6.475981712341309,168804.21835547368,229
Additive50StaticLackPlanner,700,5,2.0,5,298.70876371364244,6.534327268600464,169909.77072793635,233
Additive50StaticLackPlanner,700,5,2.0,5,298.9413247720883,5.636094093322754,170162.32093341395,228
Additive50StaticLackPlanner,700,5,2.0,5,298.95701804139406,6.521589040756226,170125.12701894608,244
Additive50StaticLackPlanner,700,5,2.0,5,298.05614644088945,7.791103363037109,169013.11312616157,256
Additive50StaticLackPlanner,700,5,2.0,5,298.13041002871563,4.500148296356201,169696.22796820005,235
Additive50StaticLackPlanner,700,5,2.0,5,297.04007661494427,4.7691490650177,169433.0684277356,249
Additive50StaticLackPlanner,700,5,2.0,5,297.7443825406847,4.2035627365112305,171058.2490237011,206
Additive50StaticLackPlanner,800,5,2.0,5,297.7657714436037,8.366778135299683,192697.07115462763,270
Additive50StaticLackPlanner,800,5,2.0,5,297.6168410848325,8.691351413726807,191958.54355669825,266
Additive50StaticLackPlanner,800,5,2.0,5,298.0694053926738,7.339032888412476,194074.92692849683,254
Additive50StaticLackPlanner,800,5,2.0,5,298.4461106429252,6.902188539505005,194970.23220280634,259
Additive50StaticLackPlanner,800,5,2.0,5,297.7708825006337,6.940830707550049,194146.23929411505,255
Additive50StaticLackPlanner,800,5,2.0,5,299.125730107379,6.489445924758911,195249.44161247674,229
Additive50StaticLackPlanner,800,5,2.0,5,299.6038250265473,8.888133764266968,192239.40974828182,263
Additive50StaticLackPlanner,800,5,2.0,5,297.35209688448526,7.629342555999756,192890.2345190743,261
Additive50StaticLackPlanner,800,5,2.0,5,297.04014303306576,5.7717225551605225,194320.25102770596,241
Additive50StaticLackPlanner,800,5,2.0,5,297.55960567726953,5.367048263549805,194897.5372496305,243
Additive50StaticLackPlanner,900,5,2.0,5,298.31835063369687,10.465924501419067,216958.78275057205,282
Additive50StaticLackPlanner,900,5,2.0,5,298.2747338786798,7.5985541343688965,218419.40253729915,279
Additive50StaticLackPlanner,900,5,2.0,5,298.30312360505366,6.882849454879761,218992.95412148637,279
Additive50StaticLackPlanner,900,5,2.0,5,298.33051819520074,8.946183443069458,218934.04658441027,243
Additive50StaticLackPlanner,900,5,2.0,5,297.5377542096668,9.991577625274658,216478.12610743882,271
Additive50StaticLackPlanner,900,5,2.0,5,297.2183444830761,8.426178216934204,219739.3489127815,288
Additive50StaticLackPlanner,900,5,2.0,5,298.7706577454357,8.480249881744385,220446.25191445864,278
Additive50StaticLackPlanner,900,5,2.0,5,298.50857393400923,8.968754291534424,217952.1298203423,270
Additive50StaticLackPlanner,900,5,2.0,5,296.41248778753874,8.527507543563843,219003.97561994896,275
Additive50StaticLackPlanner,900,5,2.0,5,297.844654999539,8.63308310508728,220919.7789629713,260
Additive50StaticLackPlanner,1000,5,2.0,5,296.27933255027295,11.00480055809021,242067.91351595987,295
Additive50StaticLackPlanner,1000,5,2.0,5,297.53724286605643,10.515239000320435,242671.2123062073,291
Additive50StaticLackPlanner,1000,5,2.0,5,297.5891198894996,11.703446865081787,243073.38454036464,299
Additive50StaticLackPlanner,1000,5,2.0,5,297.5664084753719,10.768145561218262,243902.0968640161,280
Additive50StaticLackPlanner,1000,5,2.0,5,297.5887147158521,9.156020402908325,243845.5505091103,275
Additive50StaticLackPlanner,1000,5,2.0,5,296.9359062009169,9.031616687774658,244576.48234364748,273
Additive50StaticLackPlanner,1000,5,2.0,5,297.7812212004795,8.080757141113281,245495.74817939595,285
Additive50StaticLackPlanner,1000,5,2.0,5,297.74096872429715,9.294230461120605,243742.1950714888,293
Additive50StaticLackPlanner,1000,5,2.0,5,296.8987395127764,9.943461894989014,244687.1052252779,288
Additive50StaticLackPlanner,1000,5,2.0,5,298.2054868797696,10.60569167137146,244366.1514796878,293
Additive100StaticLackPlanner,100,5,2.0,5,298.59960762124865,0.05968952178955078,24509.271675273623,23
Additive100StaticLackPlanner,100,5,2.0,5,294.48669757285626,0.049109458923339844,24545.31429412281,20
Additive100StaticLackPlanner,100,5,2.0,5,292.81684273404005,0.04798007011413574,24768.071787040913,23
Additive100StaticLackPlanner,100,5,2.0,5,288.4870434313346,0.04698491096496582,24722.672623273804,23
Additive100StaticLackPlanner,100,5,2.0,5,283.14500536753695,0.11194801330566406,25126.503518207723,18
Additive100StaticLackPlanner,100,5,2.0,5,286.76240201474934,0.06966900825500488,23784.093291355846,19
Additive100StaticLackPlanner,100,5,2.0,5,292.51782688594125,0.070953369140625,24430.34935308886,22
Additive100StaticLackPlanner,100,5,2.0,5,284.41686118836043,0.05796647071838379,24473.703268085075,20
Additive100StaticLackPlanner,100,5,2.0,5,275.4473696970971,0.045976877212524414,24071.065723703992,18
Additive100StaticLackPlanner,100,5,2.0,5,293.53980626379416,0.04897022247314453,24765.812522465123,18
Additive100StaticLackPlanner,200,5,2.0,5,295.40695098140213,0.15943074226379395,49413.84329557927,30
Additive100StaticLackPlanner,200,5,2.0,5,298.2484094869875,0.10624170303344727,49881.08424271562,41
Additive100StaticLackPlanner,200,5,2.0,5,294.637929411523,0.1314527988433838,49329.076918929306,43
Additive100StaticLackPlanner,200,5,2.0,5,296.35404122522243,0.1254284381866455,49453.13067224113,34
Additive100StaticLackPlanner,200,5,2.0,5,295.3793712735796,0.10693669319152832,49453.607625828976,44
Additive100StaticLackPlanner,200,5,2.0,5,292.87401154192906,0.11640262603759766,48654.811516809554,40
Additive100StaticLackPlanner,200,5,2.0,5,290.9519691973067,0.0834355354309082,49201.61636318019,35
Additive100StaticLackPlanner,200,5,2.0,5,292.56290128145645,0.08949851989746094,49248.90601443895,44
Additive100StaticLackPlanner,200,5,2.0,5,291.1914969009277,0.06935000419616699,49513.384033415896,29
Additive100StaticLackPlanner,200,5,2.0,5,290.73537140303523,0.0699460506439209,49994.77740515036,33
Additive100StaticLackPlanner,300,5,2.0,5,295.10415714164327,0.18300628662109375,73946.40672211128,65
Additive100StaticLackPlanner,300,5,2.0,5,297.56989779232373,0.1549222469329834,74192.94929059359,53
Additive100StaticLackPlanner,300,5,2.0,5,299.2567202011823,0.19789767265319824,73991.38103785038,72
Additive100StaticLackPlanner,300,5,2.0,5,299.13327571943006,0.18999910354614258,74106.86077636674,68
Additive100StaticLackPlanner,300,5,2.0,5,295.9918207225327,0.19026684761047363,73688.37133599282,70
Additive100StaticLackPlanner,300,5,2.0,5,298.1895623851535,0.14965605735778809,74451.14300092883,55
Additive100StaticLackPlanner,300,5,2.0,5,297.5955267147837,0.21115565299987793,74244.89371781511,58
Additive100StaticLackPlanner,300,5,2.0,5,295.90811921043064,0.23586583137512207,74075.70155110983,61
Additive100StaticLackPlanner,300,5,2.0,5,296.9805654084105,0.18259596824645996,73829.36113042211,74
Additive100StaticLackPlanner,300,5,2.0,5,292.1702632230478,0.2408590316772461,74222.93886225359,52
Additive100StaticLackPlanner,400,5,2.0,5,298.41837069452515,0.41916370391845703,99047.31236799016,79
Additive100StaticLackPlanner,400,5,2.0,5,298.5890837212195,0.5170536041259766,98542.29617091043,96
Additive100StaticLackPlanner,400,5,2.0,5,295.5885435289211,0.4288017749786377,98732.79699572196,98
Additive100StaticLackPlanner,400,5,2.0,5,295.428162951427,0.3230173587799072,99612.88945012804,72
Additive100StaticLackPlanner,400,5,2.0,5,295.3841237364005,0.5108423233032227,98015.69738758927,109
Additive100StaticLackPlanner,400,5,2.0,5,297.3065687515229,0.2870364189147949,99151.75886281356,81
Additive100StaticLackPlanner,400,5,2.0,5,298.4262755553966,0.39617443084716797,98640.55515010997,93
Additive100StaticLackPlanner,400,5,2.0,5,297.4700069439219,0.3571600914001465,98880.7874471693,75
Additive100StaticLackPlanner,400,5,2.0,5,299.19036164638095,0.29558372497558594,97900.18753559176,78
Additive100StaticLackPlanner,400,5,2.0,5,298.3608533423425,0.4071333408355713,99098.49243505091,78
Additive100StaticLackPlanner,500,5,2.0,5,297.6092104745228,0.6973841190338135,123097.01084239487,121
Additive100StaticLackPlanner,500,5,2.0,5,297.20605957210415,0.5936629772186279,122967.42719825152,107
Additive100StaticLackPlanner,500,5,2.0,5,295.82575780158146,0.8309454917907715,122791.55537979091,129
Additive100StaticLackPlanner,500,5,2.0,5,298.0814125522373,0.4383673667907715,124320.24582843414,89
Additive100StaticLackPlanner,500,5,2.0,5,295.6830475479964,0.581265926361084,123311.09245907952,125
Additive100StaticLackPlanner,500,5,2.0,5,298.3983493815444,0.5915348529815674,123490.36858893301,131
Additive100StaticLackPlanner,500,5,2.0,5,297.18101078855597,0.4819951057434082,123539.97221808472,90
Additive100StaticLackPlanner,500,5,2.0,5,298.2168205082414,0.5715382099151611,123961.60827085873,108
Additive100StaticLackPlanner,500,5,2.0,5,295.8192684190465,0.44076013565063477,123365.94202494874,109
Additive100StaticLackPlanner,500,5,2.0,5,298.2034429621962,0.5389647483825684,123766.34560190325,113
Additive100StaticLackPlanner,600,5,2.0,5,296.9096643644615,0.908062219619751,148130.26726362042,147
Additive100StaticLackPlanner,600,5,2.0,5,298.52006653262436,0.5708553791046143,147807.96479512702,111
Additive100StaticLackPlanner,600,5,2.0,5,295.70914455663865,0.7276594638824463,147808.4547245261,131
Additive100StaticLackPlanner,600,5,2.0,5,298.4749958245233,0.8919825553894043,147860.10365697474,138
Additive100StaticLackPlanner,600,5,2.0,5,297.8111084607309,0.6386318206787109,147632.87212707597,116
Additive100StaticLackPlanner,600,5,2.0,5,298.9147174543129,0.7857754230499268,148143.47563819675,149
Additive100StaticLackPlanner,600,5,2.0,5,298.73781119006765,0.7179393768310547,147686.62567410304,127
Additive100StaticLackPlanner,600,5,2.0,5,298.5443888829775,0.6931824684143066,148939.10865562575,139
Additive100StaticLackPlanner,600,5,2.0,5,296.52432255431296,0.5465636253356934,148176.04510917614,103
Additive100StaticLackPlanner,600,5,2.0,5,297.6599673677248,0.6425459384918213,148960.81205527644,123
Additive100StaticLackPlanner,700,5,2.0,5,297.222032478653,1.0766308307647705,172445.2293849422,173
Additive100StaticLackPlanner,700,5,2.0,5,298.62953970981795,0.9589312076568604,171501.50432402964,150
Additive100StaticLackPlanner,700,5,2.0,5,298.3433737189195,1.090224266052246,172378.27354364243,157
Additive100StaticLackPlanner,700,5,2.0,5,298.4604629123083,1.1131923198699951,173639.83431080932,143
Additive100StaticLackPlanner,700,5,2.0,5,296.4497761604645,1.828777551651001,171687.10099766855,120
Additive100StaticLackPlanner,700,5,2.0,5,299.1711629393255,1.172908067703247,174343.04132022455,152
Additive100StaticLackPlanner,700,5,2.0,5,299.26698455467033,1.401810646057129,172530.6566280594,175
Additive100StaticLackPlanner,700,5,2.0,5,298.4710166513857,1.2078683376312256,172650.2185417978,143
Additive100StaticLackPlanner,700,5,2.0,5,297.25325938341723,1.1427607536315918,173250.29725959583,164
Additive100StaticLackPlanner,700,5,2.0,5,298.4557179063743,1.5239989757537842,172676.64221106702,181
Additive100StaticLackPlanner,800,5,2.0,5,297.9423668341098,1.7007005214691162,197059.54373460147,189
Additive100StaticLackPlanner,800,5,2.0,5,298.7556927893668,1.6354010105133057,195789.81546356136,165
Additive100StaticLackPlanner,800,5,2.0,5,297.92459082304686,1.8055591583251953,196201.28959006543,219
Additive100StaticLackPlanner,800,5,2.0,5,298.23954734335575,1.5167851448059082,198513.0094499323,150
Additive100StaticLackPlanner,800,5,2.0,5,297.6298251730701,1.8004858493804932,195464.71885377113,193
Additive100StaticLackPlanner,800,5,2.0,5,299.5845861504029,1.658820629119873,197618.33972822936,183
Additive100StaticLackPlanner,800,5,2.0,5,299.6298832571141,1.7008082866668701,197361.5388756191,188
Additive100StaticLackPlanner,800,5,2.0,5,297.9694396343123,1.4746837615966797,197745.06128909645,166
Additive100StaticLackPlanner,800,5,2.0,5,297.30616684880044,2.078542470932007,197026.55750124474,206
Additive100StaticLackPlanner,800,5,2.0,5,298.5492964088001,1.6593265533447266,197482.50579077587,177
Additive100StaticLackPlanner,900,5,2.0,5,298.71871680120444,1.932607889175415,221577.03028256376,156
Additive100StaticLackPlanner,900,5,2.0,5,299.16404718649017,2.0830843448638916,220442.1079894337,222
Additive100StaticLackPlanner,900,5,2.0,5,298.17214161454643,2.400139331817627,220905.90009623772,217
Additive100StaticLackPlanner,900,5,2.0,5,297.294871088812,2.2670421600341797,221891.08524375982,193
Additive100StaticLackPlanner,900,5,2.0,5,297.938877012589,2.076202630996704,220695.35296520256,194
Additive100StaticLackPlanner,900,5,2.0,5,297.4431563501696,2.2718005180358887,222398.88715374438,219
Additive100StaticLackPlanner,900,5,2.0,5,299.1288287288951,2.0943288803100586,222901.7624063879,211
Additive100StaticLackPlanner,900,5,2.0,5,297.9508275997138,1.9000177383422852,221916.720145504,206
Additive100StaticLackPlanner,900,5,2.0,5,298.58508463360226,1.7836604118347168,223099.50920445382,189
Additive100StaticLackPlanner,900,5,2.0,5,298.32381012724653,1.9277279376983643,222718.7338484592,188
Additive100StaticLackPlanner,1000,5,2.0,5,298.0135218371236,2.600818634033203,246370.8216879782,233
Additive100StaticLackPlanner,1000,5,2.0,5,298.2340720011651,2.5992493629455566,245279.36801429628,213
Additive100StaticLackPlanner,1000,5,2.0,5,299.0283382113531,2.8162033557891846,245857.2526036004,215
Additive100StaticLackPlanner,1000,5,2.0,5,298.694940904851,2.4315195083618164,247585.88825721596,210
Additive100StaticLackPlanner,1000,5,2.0,5,297.0971088769955,2.4148404598236084,245944.7624395767,178
Additive100StaticLackPlanner,1000,5,2.0,5,297.9981317870591,3.115593194961548,245885.9046360064,198
Additive100StaticLackPlanner,1000,5,2.0,5,298.8037789822375,2.65805721282959,247448.6496079866,239
Additive100StaticLackPlanner,1000,5,2.0,5,299.5519396794669,2.064304828643799,246902.04989245365,206
Additive100StaticLackPlanner,1000,5,2.0,5,298.8870638952381,2.2191717624664307,247340.85296373887,215
Additive100StaticLackPlanner,1000,5,2.0,5,297.70953516636115,2.343951463699341,247063.13024263995,176
SeparateStaticLackPlanner,50,5,2,5,181.181823110889,1.7859787940979,7455.37284036785,35
SeparateStaticLackPlanner,50,5,2,5,161.634349527941,1.1209373474121,7176.91008137007,35
SeparateStaticLackPlanner,50,5,2,5,162.79035324993,0.977392196655273,7641.49798770338,29
SeparateStaticLackPlanner,50,5,2,5,158.457538424656,2.60638451576232,7907.92890556789,25
SeparateStaticLackPlanner,50,5,2,5,137.340411574336,0.898403882980346,7382.70565323969,29
SeparateStaticLackPlanner,50,5,2,5,195.52614141347,1.08630895614624,7977.37606113488,27
SeparateStaticLackPlanner,50,5,2,5,175.820687182411,1.09716200828552,7451.88025161606,33
SeparateStaticLackPlanner,50,5,2,5,168.906882601232,0.95137333869934,7467.02092825114,34
SeparateStaticLackPlanner,50,5,2,5,178.558121355162,1.16071271896362,7634.90564730873,33
SeparateStaticLackPlanner,50,5,2,5,162.899054832909,0.9922935962677,7477.88718054503,30
SeparateStaticLackPlanner,100,5,2,5,163.785122518871,4.92215013504028,16721.9913448083,52
SeparateStaticLackPlanner,100,5,2,5,168.784234459218,4.65561556816101,16840.9528567552,56
SeparateStaticLackPlanner,100,5,2,5,154.329071972451,4.5696415901184,17643.5443619952,49
SeparateStaticLackPlanner,100,5,2,5,136.532734772759,5.13745951652526,17245.5017737134,47
SeparateStaticLackPlanner,100,5,2,5,153.950944329183,5.19080281257629,17375.1817810055,47
SeparateStaticLackPlanner,100,5,2,5,193.695162834429,4.95473575592041,17150.9905463998,55
SeparateStaticLackPlanner,100,5,2,5,185.448807590451,4.9457995891571,17046.5640028379,51
SeparateStaticLackPlanner,100,5,2,5,137.075716310961,4.08498072624206,16616.6648870592,48
SeparateStaticLackPlanner,100,5,2,5,151.190046380016,3.76644468307495,16796.8428130301,54
SeparateStaticLackPlanner,100,5,2,5,175.11741914868,3.66792464256286,17535.4367573887,49
SeparateStaticLackPlanner,200,5,2,5,160.715035858989,23.3250954151153,37733.6695747946,78
SeparateStaticLackPlanner,200,5,2,5,164.675555640773,25.7167420387268,36965.7645502551,86
SeparateStaticLackPlanner,200,5,2,5,172.591792595468,28.3429641723632,38083.9040684682,79
SeparateStaticLackPlanner,200,5,2,5,163.562315431969,29.5206441879272,37227.7829948315,77
SeparateStaticLackPlanner,200,5,2,5,190.252684151735,31.0083706378936,37927.5271930692,83
SeparateStaticLackPlanner,200,5,2,5,162.50332702905,38.1732628345489,37649.2831895768,83
SeparateStaticLackPlanner,200,5,2,5,171.513869021844,32.3473193645477,37891.7436908909,83
SeparateStaticLackPlanner,200,5,2,5,186.968360549256,35.6136319637298,37662.990366955,84
SeparateStaticLackPlanner,200,5,2,5,152.703904316503,42.4142370223999,36981.1855307374,82
SeparateStaticLackPlanner,200,5,2,5,172.250530528211,33.8902440071105,38537.7652496345,80
SeparateStaticLackPlanner,300,5,2,5,163.387563596369,102.314815759658,59595.6713945425,103
SeparateStaticLackPlanner,300,5,2,5,169.76005104179,107.912912368774,58579.4430883674,109
SeparateStaticLackPlanner,300,5,2,5,154.637914488269,88.8719613552093,58963.7366357575,101
SeparateStaticLackPlanner,300,5,2,5,162.899156612309,76.1644637584686,59610.6235171662,100
SeparateStaticLackPlanner,300,5,2,5,172.627562844804,78.1635394096374,59745.3717746856,102
SeparateStaticLackPlanner,300,5,2,5,161.277247532693,76.7836935520172,59631.0556541798,103
SeparateStaticLackPlanner,300,5,2,5,169.756969018426,74.8042824268341,59002.7241257964,115
SeparateStaticLackPlanner,300,5,2,5,160.000954711929,83.0911393165588,59256.5793460806,101
SeparateStaticLackPlanner,300,5,2,5,158.932730254419,75.5168957710266,58241.5766679298,107
SeparateStaticLackPlanner,300,5,2,5,177.101520631913,78.8074359893798,59704.0389466431,102
SeparateStaticLackPlanner,400,5,2,5,165.719491531901,200.521419763565,81593.368327494,127
SeparateStaticLackPlanner,400,5,2,5,173.179882336088,179.985422611236,80486.0790159922,133
SeparateStaticLackPlanner,400,5,2,5,144.87014236312,178.550191640853,80047.8051547182,119
SeparateStaticLackPlanner,400,5,2,5,146.463711573391,182.389698505401,81824.2616167601,116
SeparateStaticLackPlanner,400,5,2,5,151.029226767314,184.557769298553,80774.2703844178,119
SeparateStaticLackPlanner,400,5,2,5,163.080370853551,184.257722616195,80836.1333521056,130
SeparateStaticLackPlanner,400,5,2,5,179.479927399596,176.798962831497,81879.4185750166,133
SeparateStaticLackPlanner,400,5,2,5,163.148116085643,181.719611406326,82130.4545065425,120
SeparateStaticLackPlanner,400,5,2,5,151.979917317196,183.502708673477,79164.4002800107,133
SeparateStaticLackPlanner,400,5,2,5,177.223056904631,182.265436410903,82595.0059980808,117
SeparateStaticLackPlanner,500,5,2.0,5,165.86832349212185,333.0449001789093,104309.23301811694,144
SeparateStaticLackPlanner,500,5,2.0,5,160.084172337315,356.38958740234375,102524.98668261745,150
SeparateStaticLackPlanner,500,5,2.0,5,165.8625215126225,346.6673312187195,102417.6233201357,143
SeparateStaticLackPlanner,500,5,2.0,5,151.07710031914272,328.7290778160095,104934.25577529793,128
SeparateStaticLackPlanner,500,5,2.0,5,166.83985135972551,339.4608008861542,103982.83486445036,137
SeparateStaticLackPlanner,500,5,2.0,5,163.78194701227997,331.33614802360535,104054.18653811423,139
SeparateStaticLackPlanner,500,5,2.0,5,177.34796627298897,326.71169352531433,104563.79311161267,143
SeparateStaticLackPlanner,500,5,2.0,5,155.49260348877667,331.2269775867462,105051.54209771726,133
SeparateStaticLackPlanner,500,5,2.0,5,150.5139351581383,326.60206365585327,101873.80739739031,146
SeparateStaticLackPlanner,500,5,2.0,5,133.37606594572358,349.239426612854,104015.48027717971,126
SeparateStaticLackPlanner,600,5,2.0,5,162.76644732431126,584.6381936073303,127010.25257336834,157
SeparateStaticLackPlanner,600,5,2.0,5,163.1056578028107,645.1656630039215,124348.87061348806,171
SeparateStaticLackPlanner,600,5,2.0,5,168.8535639047881,616.007762670517,125820.6672043996,169
SeparateStaticLackPlanner,600,5,2.0,5,171.03464532233556,601.8433134555817,126997.56058735936,154
SeparateStaticLackPlanner,600,5,2.0,5,172.63316634402617,677.3455638885498,125723.10546023404,165
SeparateStaticLackPlanner,600,5,2.0,5,165.60470897783375,606.3732385635376,126338.09684776881,163
SeparateStaticLackPlanner,600,5,2.0,5,180.2198535734709,634.9130752086639,126845.10193625416,165
SeparateStaticLackPlanner,600,5,2.0,5,162.98171052589177,621.7854073047638,126478.80706370351,157
SeparateStaticLackPlanner,600,5,2.0,5,157.60202714861256,569.4201109409332,123854.34466696423,166
SeparateStaticLackPlanner,600,5,2.0,5,161.47488210768438,572.8508398532867,127766.12736205923,150
SeparateStaticLackPlanner,700,5,2.0,5,172.84530878722643,894.2474589347839,149683.67074529818,179
SeparateStaticLackPlanner,700,5,2.0,5,175.6157474967718,888.1250712871552,147215.73493595124,187
SeparateStaticLackPlanner,700,5,2.0,5,169.26213873457465,903.492315530777,147939.53381313098,188
SeparateStaticLackPlanner,700,5,2.0,5,159.9678169971582,878.0382852554321,151178.9418351701,160
SeparateStaticLackPlanner,700,5,2.0,5,168.80564943054992,896.7582354545593,149229.68960207043,173
SeparateStaticLackPlanner,700,5,2.0,5,170.244330891348,889.2144391536713,150032.5894165167,177
SeparateStaticLackPlanner,700,5,2.0,5,179.32594158419988,884.6855931282043,150081.22141429098,179
SeparateStaticLackPlanner,700,5,2.0,5,172.98900783220697,909.3495044708252,149468.46125616014,173
SeparateStaticLackPlanner,700,5,2.0,5,159.68514962230972,882.4234600067139,147309.60593746384,181
SeparateStaticLackPlanner,700,5,2.0,5,158.91453755213738,896.6986246109009,149918.89910371104,166
SeparateStaticLackPlanner,800,5,2.0,5,158.03629759651932,1304.4347820281982,173039.81500665832,177
SeparateStaticLackPlanner,800,5,2.0,5,166.42600383101743,1321.4001834392548,169793.0128200586,191
SeparateStaticLackPlanner,800,5,2.0,5,154.88526463315,1324.9792566299438,171229.236280329,184
SeparateStaticLackPlanner,800,5,2.0,5,153.97084964733182,1305.3179898262024,173240.51988768496,173
SeparateStaticLackPlanner,800,5,2.0,5,165.0772443092552,1323.0539214611053,171890.8903026106,187
SeparateStaticLackPlanner,800,5,2.0,5,162.7236955953174,1325.459084033966,172164.95534473425,193
SeparateStaticLackPlanner,800,5,2.0,5,180.69612391201974,1305.8466725349426,172295.4611318316,190
SeparateStaticLackPlanner,800,5,2.0,5,179.42900862380114,1333.270158290863,173959.09518806354,189
SeparateStaticLackPlanner,800,5,2.0,5,154.95074479759413,1313.4313569068909,170521.56812186207,196
SeparateStaticLackPlanner,800,5,2.0,5,173.75567604126573,1323.513412475586,172897.50724082039,196
SeparateStaticLackPlanner,900,5,2u.0,5,161.8330210657094,1844.4582772254944,195419.91802592156,189
SeparateStaticLackPlanner,900,5,2.0,5,157.34885208625738,1863.7755346298218,192472.77032009492,203
SeparateStaticLackPlanner,900,5,2.0,5,158.8435451546021,2272.4569981098175,194103.12168933442,199
SeparateStaticLackPlanner,900,5,2.0,5,155.95277990686714,2234.199777841568,194147.22594641813,209
SeparateStaticLackPlanner,900,5,2.0,5,172.84222122576713,1880.1093389987946,196085.27735166845,209
SeparateStaticLackPlanner,1000,5,2.0,5,158.6948221529572,2527.112615585327,219210.8983963218,201
SeparateStaticLackPlanner,1000,5,2.0,5,150.89408732700144,2560.4236907958984,216528.57048803853,210
SeparateStaticLackPlanner,1000,5,2.0,5,157.76734770089874,2547.600835084915,217786.40766420832,215
SeparateStaticLackPlanner,1000,5,2.0,5,167.66644833314606,2521.1338963508606,218997.08966713853,208
SeparateStaticLackPlanner,1000,5,2.0,5,176.9681389540066,2553.0314059257507,218831.02041306696,226
SeparateStaticLackPlanner,1000,5,2.0,5,163.43602978127387,2567.8234684467316,219506.5761948062,218
SeparateStaticLackPlanner,1000,5,2.0,5,163.74915861240285,2508.32869720459,219643.44154581137,210
SeparateStaticLackPlanner,1000,5,2.0,5,156.35001709882033,2575.522574901581,218753.83161528085,200
SeparateStaticLackPlanner,1000,5,2.0,5,157.18323265324838,2521.9161829948425,217339.31393861392,220
SeparateStaticLackPlanner,1000,5,2.0,5,155.71786939012463,2557.986233472824,219286.09328357037,207
StaticLineLackPlanner,50,5,2,5,152.86888697956,8.94101214408874,6937.67767429732,36
StaticLineLackPlanner,50,5,2,5,148.682994577119,8.14833116531372,7437.44807105928,34
StaticLineLackPlanner,50,5,2,5,135.33664457371,8.22598314285278,7678.2408119857,29
StaticLineLackPlanner,50,5,2,5,120.975635213858,7.92725992202758,6987.88672064348,31
StaticLineLackPlanner,50,5,2,5,134.105127239748,7.95960783958435,7444.72017932401,32
StaticLineLackPlanner,50,5,2,5,135.210599543399,7.80259895324707,7878.013264389,27
StaticLineLackPlanner,50,5,2,5,168.842151892371,7.75456428527832,7614.36182167969,37
StaticLineLackPlanner,50,5,2,5,121.879359700703,7.6447160243988,7509.89615481487,29
StaticLineLackPlanner,50,5,2,5,157.039305437891,7.88967585563659,7563.78498643379,34
StaticLineLackPlanner,50,5,2,5,130.189624122496,7.85281705856323,7262.91246533175,32
StaticLineLackPlanner,50,5,2,5,127.383831524311,7.83821535110473,7374.33648295342,32
StaticLineLackPlanner,50,5,2,5,132.621332481328,7.58595514297485,7280.16674041959,32
StaticLineLackPlanner,50,5,2,5,140.21774455503,7.83582496643066,7403.49812213701,31
StaticLineLackPlanner,50,5,2,5,169.744502691382,7.67964076995849,7595.10057975587,39
StaticLineLackPlanner,50,5,2,5,142.19251766863,7.3905279636383,7894.3634155014,32
StaticLineLackPlanner,50,5,2,5,104.263457519578,7.92766904830932,6954.2038177093,30
StaticLineLackPlanner,50,5,2,5,110.333230996137,7.76323509216308,7105.01955681876,30
StaticLineLackPlanner,50,5,2,5,171.872633886602,7.84949398040771,7778.50765861559,35
StaticLineLackPlanner,50,5,2,5,148.198773189624,7.97505402565002,7300.47633641529,34
StaticLineLackPlanner,50,5,2,5,114.715834263778,7.88454985618591,7435.84413291253,28
StaticLineLackPlanner,50,5,2,5,144.970209724058,7.74192810058593,7211.70446408169,36
StaticLineLackPlanner,50,5,2,5,132.063160789941,7.95322132110595,7532.55820045925,30
StaticLineLackPlanner,50,5,2,5,136.275529104499,8.04122233390808,7364.48126659716,31
StaticLineLackPlanner,50,5,2,5,97.8790831348918,7.88751006126403,7643.73141813475,25
StaticLineLackPlanner,50,5,2,5,165.037439701754,8.06380677223205,7349.86274864038,36
StaticLineLackPlanner,50,5,2,5,135.396279778132,7.91883635520935,7508.25279957884,31
StaticLineLackPlanner,50,5,2,5,124.426355522172,7.57001495361328,7698.92204718854,28
StaticLineLackPlanner,50,5,2,5,163.623728370071,7.93238592147827,7273.60138223693,39
StaticLineLackPlanner,50,5,2,5,174.457266761602,8.54444885253906,7598.63410681056,39
StaticLineLackPlanner,50,5,2,5,91.147249667647,7.72659683227539,7456.61095030573,24
StaticLineLackPlanner,100,5,2,5,136.174403479991,54.9569270610809,16336.23728975,53
StaticLineLackPlanner,100,5,2,5,150.508488217801,53.9347162246704,16387.8229897182,58
StaticLineLackPlanner,100,5,2,5,150.109436396048,55.514041185379,17176.059293262,54
StaticLineLackPlanner,100,5,2,5,129.803804149233,56.6515922546386,16301.1110360302,53
StaticLineLackPlanner,100,5,2,5,141.344023513049,55.0505998134613,16391.5785698248,57
StaticLineLackPlanner,100,5,2,5,176.499245413818,55.1192817687988,17006.1753326334,59
StaticLineLackPlanner,100,5,2,5,167.723247022769,54.6006541252136,16914.1472217975,60
StaticLineLackPlanner,100,5,2,5,139.608171674282,56.4328351020813,16829.7601596023,53
StaticLineLackPlanner,100,5,2,5,151.190046380016,54.887332201004,16725.963949149,55
StaticLineLackPlanner,100,5,2,5,134.540603308847,56.5540618896484,16754.0859467911,52
StaticLineLackPlanner,100,5,2,5,144.164820162773,55.8930158615112,16572.2262278208,55
StaticLineLackPlanner,100,5,2,5,148.260014724757,54.6453478336334,16650.1917309272,53
StaticLineLackPlanner,100,5,2,5,145.599715824202,57.0382978916168,16426.9546329877,53
StaticLineLackPlanner,100,5,2,5,163.882036282414,56.7478761672973,16188.0416794952,64
StaticLineLackPlanner,100,5,2,5,134.408931489643,54.667886018753,17559.4774939931,46
StaticLineLackPlanner,100,5,2,5,136.567020012241,57.1674623489379,16502.6499055243,52
StaticLineLackPlanner,100,5,2,5,131.545485048108,55.1794302463531,16873.9421411355,51
StaticLineLackPlanner,100,5,2,5,125.237532271987,56.2950611114501,16742.5623355991,47
StaticLineLackPlanner,100,5,2,5,156.076118922384,55.297529220581,16880.3526411077,56
StaticLineLackPlanner,100,5,2,5,158.897231126286,56.2667310237884,16134.0946894092,64
StaticLineLackPlanner,100,5,2,5,148.165165800514,57.3382220268249,16503.6875553054,58
StaticLineLackPlanner,100,5,2,5,129.577288279387,55.9972698688507,16528.7950719528,50
StaticLineLackPlanner,100,5,2,5,135.695560220927,56.4811739921569,16898.6982184559,50
StaticLineLackPlanner,100,5,2,5,149.958090096353,55.4579813480377,16917.6860045811,54
StaticLineLackPlanner,100,5,2,5,142.740375202048,56.4663081169128,16084.3972353535,56
StaticLineLackPlanner,100,5,2,5,114.391653282702,55.7789108753204,17029.8031519572,43
StaticLineLackPlanner,100,5,2,5,129.867162115997,54.6058318614959,16815.6092407119,50
StaticLineLackPlanner,100,5,2,5,163.859577914357,57.1324248313903,16259.5271139971,64
StaticLineLackPlanner,100,5,2,5,141.883086413633,56.8563168048858,15969.7518146492,58
StaticLineLackPlanner,100,5,2,5,166.201420569259,54.1155560016632,17218.5298962818,57
StaticLineLackPlanner,200,5,2,5,143.076755690488,420.992839813232,37429.9793501569,80
StaticLineLackPlanner,200,5,2,5,149.980137391166,410.295343160629,36575.0975435356,93
StaticLineLackPlanner,200,5,2,5,142.055372356955,423.456033945083,36954.0663413354,82
StaticLineLackPlanner,200,5,2,5,126.572217400641,428.275484800338,36058.8524903986,81
StaticLineLackPlanner,200,5,2,5,134.595127633687,423.626133918762,37635.4133835084,75
StaticLineLackPlanner,200,5,2,5,147.65030331939,424.981235265731,36967.5107151856,82
StaticLineLackPlanner,200,5,2,5,167.716536585063,417.959772825241,37289.4187563693,95
StaticLineLackPlanner,200,5,2,5,143.457149541526,428.784188747406,37239.7549062346,81
StaticLineLackPlanner,200,5,2,5,144.087813014992,420.25197315216,36639.269944248,86
StaticLineLackPlanner,200,5,2,5,127.84072723128,416.981899023056,37893.3123736279,73
StaticLineLackPlanner,200,5,2,5,149.21645212684,420.798506021499,37131.1781115214,87
StaticLineLackPlanner,200,5,2,5,144.622477643361,420.13505411148,37217.1364187299,81
StaticLineLackPlanner,200,5,2,5,153.93485979127,414.640501022338,37257.789032643,86
StaticLineLackPlanner,200,5,2,5,165.082855872857,421.585466861724,37575.6576201564,92
StaticLineLackPlanner,200,5,2,5,149.472034712054,423.594441890716,38139.3246875074,77
StaticLineLackPlanner,200,5,2,5,148.651330722794,430.802972078323,36990.7263787746,85
StaticLineLackPlanner,200,5,2,5,136.601659490859,414.174763917923,38587.0227932906,73
StaticLineLackPlanner,200,5,2,5,133.688330378874,421.581387996673,37945.7811748047,73
StaticLineLackPlanner,200,5,2,5,156.838734905086,412.169344902038,37083.7890630432,90
StaticLineLackPlanner,200,5,2,5,148.437234362576,423.293847084045,36771.74159387,89
StaticLineLackPlanner,200,5,2,5,152.496356665422,428.39601111412,37114.7384390322,88
StaticLineLackPlanner,200,5,2,5,146.423376775066,417.28646492958,37088.6903803569,84
StaticLineLackPlanner,200,5,2,5,142.343284988756,423.208779096603,37925.069735728,78
StaticLineLackPlanner,200,5,2,5,154.906606838199,433.615633249282,36915.0862748728,89
StaticLineLackPlanner,200,5,2,5,132.847224816861,421.863627910614,36858.4650726654,73
StaticLineLackPlanner,200,5,2,5,139.270110523786,418.432323932647,37652.2464838981,76
StaticLineLackPlanner,200,5,2,5,126.134167082667,418.822005033493,37616.1648427773,74
StaticLineLackPlanner,200,5,2,5,163.110220642676,422.694780826568,36778.5266310994,96
StaticLineLackPlanner,200,5,2,5,143.160990560068,419.952489137649,37270.5217346267,82
StaticLineLackPlanner,200,5,2,5,166.963689013756,421.413038015365,37313.5933141492,95
StaticLineLackPlanner,300,5,2,5,159.152489288156,1456.80433702468,58727.0268143116,117
StaticLineLackPlanner,300,5,2,5,153.139759885443,1424.80373191833,57945.8604232138,116
StaticLineLackPlanner,300,5,2,5,141.832922736282,1462.63443994522,57961.7764611007,107
StaticLineLackPlanner,400,5,2,5,161.535094645928,3409.05914115905,81072.9464776186,142
StaticLineLackPlanner,400,5,2,5,153.860012197157,3359.89073705673,80020.4532646402,135
StaticLineLackPlanner,400,5,2,5,135.378581776617,3379.50712776184,79544.1867209151,125
StaticLineLackPlanner,500,5,2,5,161.996667804116,6643.0977294445,103620.617723266,160
StaticLineLackPlanner,500,5,2,5,155.473649566791,6609.95337557792,102446.681008056,153
IterativeAssignmentPlanner,50,5,2.0,5,225.25392112393968,0.031246662139892578,4477.346796523387,50
IterativeAssignmentPlanner,50,5,2.0,5,143.96381540300484,0.046941280364990234,3249.416779538339,50
IterativeAssignmentPlanner,50,5,2.0,5,156.98545509029404,0.04298543930053711,3435.363285637299,50
IterativeAssignmentPlanner,50,5,2.0,5,170.07107277459005,0.0448458194732666,3774.844726145995,50
IterativeAssignmentPlanner,50,5,2.0,5,145.16960932758116,0.04802751541137695,3509.1900702892353,50
IterativeAssignmentPlanner,50,5,2.0,5,149.03392689199606,0.04697918891906738,3529.3994410548626,50
IterativeAssignmentPlanner,50,5,2.0,5,145.0712286433228,0.0500333309173584,3791.2227397851775,50
IterativeAssignmentPlanner,50,5,2.0,5,126.58522440553693,0.04401659965515137,3097.55588438901,50
IterativeAssignmentPlanner,100,5,2.0,5,235.13435938293858,0.14981365203857422,8587.41490507129,100
IterativeAssignmentPlanner,100,5,2.0,5,267.702301697694,0.12947392463684082,9478.120931233623,100
IterativeAssignmentPlanner,100,5,2.0,5,207.16244236514268,0.14387083053588867,7986.298741968561,100
IterativeAssignmentPlanner,100,5,2.0,5,248.13181567540408,0.13557648658752441,10098.739236926353,100
IterativeAssignmentPlanner,100,5,2.0,5,281.50458586118754,0.15882182121276855,9229.460704255074,100
IterativeAssignmentPlanner,100,5,2.0,5,181.07370873116406,0.12164616584777832,7234.433128033404,100
IterativeAssignmentPlanner,100,5,2.0,5,180.66635680233802,0.13319993019104004,7948.011553560322,100
IterativeAssignmentPlanner,100,5,2.0,5,225.26390062360275,0.15013384819030762,8807.951202501874,100
IterativeAssignmentPlanner,200,5,2.0,5,554.382500246001,0.5073263645172119,27159.689262925862,200
IterativeAssignmentPlanner,200,5,2.0,5,540.7189111976156,0.5507609844207764,28004.558568671488,200
IterativeAssignmentPlanner,200,5,2.0,5,427.8921997801863,0.5436100959777832,26795.07596698384,200
IterativeAssignmentPlanner,200,5,2.0,5,634.9353473679453,0.6707980632781982,35769.99948982594,200
IterativeAssignmentPlanner,200,5,2.0,5,551.3002459108587,0.5665240287780762,33616.08841276972,200
IterativeAssignmentPlanner,200,5,2.0,5,516.7380140040527,0.5647492408752441,31802.063112766933,200
IterativeAssignmentPlanner,200,5,2.0,5,552.7518274734073,0.5072493553161621,26474.928055082743,200
IterativeAssignmentPlanner,200,5,2.0,5,429.7684052005926,0.5293476581573486,25354.587968351738,200
IterativeAssignmentPlanner,300,5,2.0,5,1001.172031876453,1.1340491771697998,84435.19604718602,300
IterativeAssignmentPlanner,300,5,2.0,5,1092.7502674688092,1.128915548324585,82589.52309306286,300
IterativeAssignmentPlanner,300,5,2.0,5,955.7969175086893,1.1722328662872314,90693.9574104038,300
IterativeAssignmentPlanner,300,5,2.0,5,955.8032966141873,1.1697375774383545,87038.48165658834,300
IterativeAssignmentPlanner,300,5,2.0,5,1078.6902486461947,1.1590142250061035,102917.86366496168,300
IterativeAssignmentPlanner,300,5,2.0,5,884.7427582954172,1.1834514141082764,76370.37796100606,300
IterativeAssignmentPlanner,300,5,2.0,5,1042.4646345177541,1.0765430927276611,97189.55159957091,300
IterativeAssignmentPlanner,300,5,2.0,5,943.0661992700608,1.1397647857666016,84874.48119507602,300
IterativeAssignmentPlanner,400,5,2.0,5,1360.9745685965918,1.9830715656280518,151324.78287638418,400
IterativeAssignmentPlanner,400,5,2.0,5,1583.8236146752504,1.997452735900879,181589.9280685265,400
IterativeAssignmentPlanner,400,5,2.0,5,1517.7235040797382,2.0145339965820312,179681.26181684184,400
IterativeAssignmentPlanner,400,5,2.0,5,1536.5041382643794,2.045342206954956,188348.532152479,400
IterativeAssignmentPlanner,400,5,2.0,5,1431.3611694181056,2.014415740966797,191068.55773923884,400
IterativeAssignmentPlanner,400,5,2.0,5,1383.807200348578,2.0158090591430664,161701.87521265887,400
IterativeAssignmentPlanner,400,5,2.0,5,1624.1058149877342,2.034820556640625,199902.5815289988,400
IterativeAssignmentPlanner,400,5,2.0,5,1341.084372717275,2.075547695159912,154182.6703122682,400
IterativeAssignmentPlanner,500,5,2.0,5,2089.8939480230733,3.185389518737793,337334.9861158925,500
IterativeAssignmentPlanner,500,5,2.0,5,1909.9438948911852,3.186249017715454,319705.10426941555,500
IterativeAssignmentPlanner,500,5,2.0,5,2121.99115860344,3.067901849746704,335203.40121223155,500
IterativeAssignmentPlanner,500,5,2.0,5,2173.9797846198,3.211242198944092,338387.33476238744,500
IterativeAssignmentPlanner,500,5,2.0,5,2023.8754349969427,3.1871495246887207,317770.6428495641,500
IterativeAssignmentPlanner,500,5,2.0,5,1990.0581234841297,3.1308655738830566,300254.9797481424,500
IterativeAssignmentPlanner,500,5,2.0,5,2073.6096537005205,3.12511944770813,327646.18874680996,500
IterativeAssignmentPlanner,500,5,2.0,5,2063.613612891265,3.3085250854492188,320657.063422298,500
IterativeAssignmentPlanner,600,5,2.0,5,2600.557618322106,4.593213081359863,516064.0698159011,600
IterativeAssignmentPlanner,600,5,2.0,5,2392.7586762101714,4.4998908042907715,482676.33962445485,600
IterativeAssignmentPlanner,600,5,2.0,5,2601.8851815631147,4.451896905899048,523704.7747068185,600
IterativeAssignmentPlanner,600,5,2.0,5,2702.20390368448,4.4088051319122314,520580.38281797484,600
IterativeAssignmentPlanner,600,5,2.0,5,2754.8856577852794,4.5899977684021,581588.9364309774,600
IterativeAssignmentPlanner,600,5,2.0,5,2941.2116460524944,4.465798377990723,578571.1915950497,600
IterativeAssignmentPlanner,600,5,2.0,5,2621.3985666653457,4.463025093078613,484830.20585482183,600
IterativeAssignmentPlanner,600,5,2.0,5,2547.0444038458445,4.416989803314209,513631.80611040053,600
IterativeAssignmentPlanner,700,5,2.0,5,3033.87330030187,6.174800872802734,723537.9040495116,700
IterativeAssignmentPlanner,700,5,2.0,5,3286.717242238866,6.2966272830963135,782280.395216568,700
IterativeAssignmentPlanner,700,5,2.0,5,3278.230070823423,7.421121120452881,744980.016348854,700
IterativeAssignmentPlanner,700,5,2.0,5,3234.1154712888006,6.278544187545776,757936.8714462182,700
IterativeAssignmentPlanner,700,5,2.0,5,3810.630451571885,5.92393159866333,911227.8433049953,700
IterativeAssignmentPlanner,700,5,2.0,5,3613.9699157200257,6.130589008331299,865855.6127615181,700
IterativeAssignmentPlanner,700,5,2.0,5,3266.9850884928096,6.1153929233551025,821582.4471437467,700
IterativeAssignmentPlanner,700,5,2.0,5,3278.2829239028238,6.0700459480285645,816367.8160528307,700
IterativeAssignmentPlanner,800,5,2.0,5,3766.0726675452893,7.98211932182312,1152468.4539541134,800
IterativeAssignmentPlanner,800,5,2.0,5,3767.2631537161897,7.783203363418579,1085069.3584018978,800
IterativeAssignmentPlanner,800,5,2.0,5,4090.031020084357,7.727830171585083,1159669.1610782056,800
IterativeAssignmentPlanner,800,5,2.0,5,3825.6351713878735,7.666518211364746,1077208.1482134438,800
IterativeAssignmentPlanner,800,5,2.0,5,4361.876346809242,7.799737215042114,1101665.8936137557,800
IterativeAssignmentPlanner,800,5,2.0,5,4277.6540827093,8.867828130722046,1237579.865299037,800
IterativeAssignmentPlanner,5,1,2.0,5,73.2067187521501,0.015624284744262695,225.6808733310156,5
IterativeAssignmentPlanner,5,1,2.0,5,81.73152136164049,0.0,288.1761272100365,5
IterativeAssignmentPlanner,5,1,2.0,5,114.88396415262432,0.0,361.91135591244347,5
IterativeAssignmentPlanner,400,1,2.0,5,94.31484697647346,2.9180684089660645,3695.079151703124,400
IterativeAssignmentPlanner,400,1,2.0,5,172.7763649926222,2.9663944244384766,5631.641982353979,400
IterativeAssignmentPlanner,5,1,2.0,5,73.2067187521501,0.0,225.6808733310156,5
IterativeAssignmentPlanner,5,1,2.0,5,81.73152136164049,0.015609264373779297,288.1761272100365,5
IterativeAssignmentPlanner,5,1,2.0,5,114.88396415262432,0.0,361.91135591244347,5
IterativeAssignmentPlanner,400,1,2.0,5,94.31484697647346,0.6434195041656494,3695.079151703124,400
IterativeAssignmentPlanner,400,1,2.0,5,172.7763649926222,0.6848421096801758,5631.641982353979,400
IterativeAssignmentPlanner,400,1,2.0,5,69.17256456290639,0.654322624206543,4318.318681773016,400
IterativeAssignmentPlanner,500,1,2.0,5,51.73884397224128,1.009549856185913,2004.1589545106235,500
IterativeAssignmentPlanner,500,1,2.0,5,111.08443853459434,1.0820109844207764,6693.660734743137,500
IterativeAssignmentPlanner,500,1,2.0,5,175.32666445464542,1.0599000453948975,6361.774882316994,500
IterativeAssignmentPlanner,600,1,2.0,5,60.096839223041336,1.4166321754455566,5369.869474951973,600
IterativeAssignmentPlanner,600,1,2.0,5,108.32062153525865,1.5004916191101074,4491.044587525126,600
IterativeAssignmentPlanner,600,1,2.0,5,130.415382059396,1.4499635696411133,7556.872292735217,600
IterativeAssignmentPlanner,700,1,2.0,5,90.03432897347685,2.2166295051574707,8850.417127416118,700
IterativeAssignmentPlanner,700,1,2.0,5,24.90978468750854,1.98319673538208,4867.178968445992,700
IterativeAssignmentPlanner,700,1,2.0,5,96.78673361934227,2.7354989051818848,8450.20074046202,700
IterativeAssignmentPlanner,800,1,2.0,5,99.00468589911533,2.5972867012023926,15389.082330820076,800
IterativeAssignmentPlanner,800,1,2.0,5,97.03524733675789,2.6302671432495117,8923.916518342918,800
IterativeAssignmentPlanner,800,1,2.0,5,85.2829422340057,2.544917345046997,8939.141513021834,800
IterativeAssignmentPlanner,50,5,2.0,5,136.63094708367402,0.01651597023010254,3754.0222230503405,50
IterativeAssignmentPlanner,50,5,2.0,5,130.32626127833447,0.016517162322998047,3464.294982672738,50
IterativeAssignmentPlanner,50,5,2.0,5,167.43540516285253,0.016016483306884766,4598.593987469048,50
IterativeAssignmentPlanner,100,5,2.0,5,189.04762061660773,0.04252028465270996,8108.865121978506,100
IterativeAssignmentPlanner,100,5,2.0,5,174.29294120715707,0.040587663650512695,8514.144122302569,100
IterativeAssignmentPlanner,100,5,2.0,5,198.31299398504498,0.05014967918395996,8743.551329678365,100
IterativeAssignmentPlanner,200,5,2.0,5,211.68130199403996,0.16181349754333496,21376.871647610635,200
IterativeAssignmentPlanner,200,5,2.0,5,218.97347599153932,0.18810009956359863,20880.423992788463,192
IterativeAssignmentPlanner,200,5,2.0,5,223.72798592551462,0.19458317756652832,20327.515688669075,200
IterativeAssignmentPlanner,300,5,2.0,5,222.86356007442237,0.42687511444091797,35212.83202705614,265
IterativeAssignmentPlanner,300,5,2.0,5,216.13160431436006,0.4332153797149658,34874.13251877738,276
IterativeAssignmentPlanner,300,5,2.0,5,211.9710538302009,0.3707420825958252,34556.37542050507,276
IterativeAssignmentPlanner,400,5,2.0,5,235.70694027397295,1.0471417903900146,50554.272445516865,327
IterativeAssignmentPlanner,400,5,2.0,5,229.34247712302715,0.9194002151489258,51468.39146933278,333
IterativeAssignmentPlanner,400,5,2.0,5,232.59412337730126,0.789433479309082,48470.07662602761,346
IterativeAssignmentPlanner,500,5,2.0,5,233.03817036039314,1.0165588855743408,65441.71453773199,420
IterativeAssignmentPlanner,500,5,2.0,5,232.64208920035009,0.9996488094329834,68387.11053877725,388
IterativeAssignmentPlanner,500,5,2.0,5,231.1667402091737,1.5278522968292236,67629.28366961889,378
IterativeAssignmentPlanner,600,5,2.0,5,246.1103604240128,1.5168356895446777,83941.7375356796,462
IterativeAssignmentPlanner,600,5,2.0,5,235.47416870866365,1.683337688446045,86414.4901962285,430
IterativeAssignmentPlanner,600,5,2.0,5,234.35772821306938,1.5798652172088623,84813.31189015583,458
IterativeAssignmentPlanner,700,5,2.0,5,242.6960350813651,2.0860962867736816,102558.39380927297,499
IterativeAssignmentPlanner,700,5,2.0,5,236.26257048381092,1.8663668632507324,104315.7141242747,488
IterativeAssignmentPlanner,700,5,2.0,5,241.16303314253918,1.9077203273773193,102278.02780963643,508
IterativeAssignmentPlanner,800,5,2.0,5,242.8773088363429,2.349490165710449,121897.86059043891,524
IterativeAssignmentPlanner,800,5,2.0,5,236.0363823262128,2.346651792526245,119103.92430582788,555
IterativeAssignmentPlanner,800,5,2.0,5,248.30082517015447,2.389777421951294,124868.65659089242,528
Additive100StaticLackPlanner,100,5,2.0,5,298.59960762124865,0.03207826614379883,24509.271675273623,23
Additive100StaticLackPlanner,100,5,2.0,5,294.48669757285626,0.03214597702026367,24545.31429412281,20
Additive100StaticLackPlanner,100,5,2.0,5,292.81684273404005,0.046530961990356445,24768.071787040913,23
Additive100StaticLackPlanner,200,5,2.0,5,295.40695098140213,0.06655001640319824,49413.84329557927,30
Additive100StaticLackPlanner,200,5,2.0,5,298.2484094869875,0.08996772766113281,49881.08424271562,41
Additive100StaticLackPlanner,200,5,2.0,5,294.637929411523,0.08011841773986816,49329.076918929306,43
Additive100StaticLackPlanner,300,5,2.0,5,295.10415714164327,0.1914043426513672,73946.40672211128,65
Additive100StaticLackPlanner,300,5,2.0,5,297.56989779232373,0.1332390308380127,74192.94929059359,53
Additive100StaticLackPlanner,300,5,2.0,5,299.2567202011823,0.1778881549835205,73991.38103785038,72
Additive100StaticLackPlanner,400,5,2.0,5,298.41837069452515,0.33332014083862305,99047.31236799016,79
Additive100StaticLackPlanner,400,5,2.0,5,298.5890837212195,0.3021271228790283,98542.29617091043,96
Additive100StaticLackPlanner,400,5,2.0,5,295.5885435289211,0.3189828395843506,98732.79699572196,98
Additive100StaticLackPlanner,500,5,2.0,5,297.6092104745228,0.5721521377563477,123097.01084239487,121
Additive100StaticLackPlanner,500,5,2.0,5,297.20605957210415,0.4629831314086914,122967.42719825152,107
Additive100StaticLackPlanner,500,5,2.0,5,295.82575780158146,0.6076796054840088,122791.55537979091,129
Additive100StaticLackPlanner,600,5,2.0,5,296.9096643644615,0.8349180221557617,148130.26726362042,147
Additive100StaticLackPlanner,600,5,2.0,5,298.52006653262436,0.5554921627044678,147807.96479512702,111
Additive100StaticLackPlanner,600,5,2.0,5,295.70914455663865,0.7406706809997559,147808.4547245261,131
Additive100StaticLackPlanner,700,5,2.0,5,297.222032478653,1.091829538345337,172445.2293849422,173
Additive100StaticLackPlanner,700,5,2.0,5,298.62953970981795,1.2832443714141846,171501.50432402964,150
Additive100StaticLackPlanner,700,5,2.0,5,298.3433737189195,1.1832647323608398,172378.27354364243,157
Additive100StaticLackPlanner,800,5,2.0,5,297.9423668341098,1.3778748512268066,197059.54373460147,189
Additive100StaticLackPlanner,800,5,2.0,5,298.7556927893668,1.3489389419555664,195789.81546356136,165
Additive100StaticLackPlanner,800,5,2.0,5,297.92459082304686,1.6121792793273926,196201.28959006543,219
